,Price,Date,Ticker,High,Low,Open,Close,Volume,ROC
1,0,2022-01-18,AAPL,169.5727368069087,166.49657517844096,168.56045143128856,166.87986755371094,90956700,-6.7084446700204525
2,1,2022-01-19,AAPL,168.13787560571404,163.08627069140266,167.07644696659617,163.37127685546875,94815000,-7.495845749860619
3,2,2022-01-20,AAPL,166.7619661877595,161.3565509731018,164.10840171802175,161.68087768554688,91420500,-5.951289740347754
4,3,2022-01-21,AAPL,163.4695895238368,159.50889548799853,161.59243259966877,159.61700439453125,122848900,-5.57558161681595
5,4,2022-01-24,AAPL,159.5088591961831,152.03955370843636,157.26807054913448,158.84054565429688,162294600,-6.127678147113114
6,5,2022-01-25,AAPL,159.9609746399648,154.3196962957588,156.24598134135783,157.0322265625,115798400,-7.207136292367833
7,6,2022-01-26,AAPL,161.56290980795944,155.10590488401596,160.6882161425736,156.94374084472656,108275300,-8.790277669393232
8,7,2022-01-27,AAPL,161.02240127110773,155.55802030212934,159.65630602886313,156.4818572998047,121954600,-9.291857517952218
9,8,2022-01-28,AAPL,167.42044760669708,160.00028414870977,162.86024363325143,167.40078735351562,179935700,-1.0801872616726826
10,9,2022-01-31,AAPL,171.99043344285184,166.5948424464351,167.23367305419112,171.7742156982422,115541600,0.9880096981688568
11,10,2022-02-01,AAPL,171.83323343223077,169.3467436133565,171.0175053301255,171.60719299316406,86213900,2.832771567206338
12,11,2022-02-02,AAPL,172.85536054887322,170.3492104199486,171.74478859061858,172.8160400390625,84914300,5.781165064865923
13,12,2022-02-03,AAPL,173.20914700397037,169.1599898283705,171.47940471663034,169.92657470703125,89418100,5.099982842449324
14,13,2022-02-04,AAPL,171.32396054369477,167.9584796418521,168.9425345214472,169.64122009277344,82465400,6.280167790560065
15,14,2022-02-07,AAPL,171.17637684794104,168.22421163061932,170.10376042269814,168.9228973388672,77251200,6.3474672937183785
16,15,2022-02-08,AAPL,172.55402535255456,168.6965170956554,168.99173655614575,172.0423126220703,74829200,9.55860232523429
17,16,2022-02-09,AAPL,173.83328800439335,172.1111919697569,173.24286408752374,173.4691925048828,71285000,10.529538528399062
18,17,2022-02-10,AAPL,172.68194375053233,168.8146153330359,171.36331383328056,169.37551879882812,90865900,8.239716553415132
19,18,2022-02-11,AAPL,170.32022548644153,165.360580335394,169.58218430454045,165.95101928710938,98670700,-0.8660461454967017
20,19,2022-02-14,AAPL,166.87599960086266,163.90415017095245,164.7012320839439,166.18716430664062,86185500,-3.2525553203027857
21,20,2022-02-15,AAPL,170.19227292675632,167.5353279968633,168.24384864689935,170.03482055664062,62527400,-0.9162625465157892
22,21,2022-02-16,AAPL,170.57605697053586,167.33852325607717,169.1098249151892,169.7986602783203,61177400,-1.7460067711655425
23,22,2022-02-17,AAPL,169.16884887808143,165.78369827163797,168.30287592792615,166.18716430664062,69589300,-2.200603647097399
24,23,2022-02-18,AAPL,167.8206823626154,163.54005341590076,167.11217679103845,164.63235473632812,82772700,-2.9526228081276806
25,24,2022-02-22,AAPL,164.03211066057264,159.56449308823295,162.3493702057695,161.6999053955078,91162800,-4.275910523171833
26,25,2022-02-23,AAPL,163.50072589040192,157.20278014132612,162.9004517631082,157.51768493652344,90009200,-8.442474100806518
27,26,2022-02-24,AAPL,160.25335773120963,149.57635530980806,150.14710899376973,160.14511108398438,141147500,-7.680949699770689
28,27,2022-02-25,AAPL,162.48715009234238,158.30491651486224,161.22756094554026,162.22146606445312,91974200,-4.223782034800472
29,28,2022-02-28,AAPL,162.78235630766343,159.84002681342048,160.45998619224247,162.4871368408203,95056600,-2.0872920583249077
30,29,2022-03-01,AAPL,163.9435277104657,159.38734940316522,162.07381467213503,160.5977325439453,83474400,-3.3633354212494804
31,30,2022-03-02,AAPL,164.69140636238802,160.35172123734418,161.76876250392863,163.90415954589844,79724800,-3.605532673056222
32,31,2022-03-03,AAPL,166.21669661748916,162.91027195360368,165.78371011148872,163.5794219970703,76678400,-3.662713398949036
33,32,2022-03-04,AAPL,162.9102773059474,159.51529120397137,161.86718160657645,160.56822204589844,83737200,-3.381092808331687
34,33,2022-03-07,AAPL,162.38875977204634,156.5041000801844,160.75522487368383,156.7599639892578,96418800,-4.781800490965815
35,34,2022-03-08,AAPL,160.28285666328267,153.3157466151268,156.28759642734667,154.92959594726562,131148300,-4.18695943679277
36,35,2022-03-09,AAPL,160.80440217190915,156.8681828813347,158.9051685561548,160.3517303466797,91454900,1.7991918883891067
37,36,2022-03-10,AAPL,157.83254827067594,153.49286301272676,157.64557545679153,155.99237060546875,105342000,-2.5931109919039685
38,37,2022-03-11,AAPL,156.74025467661986,152.03647371376925,156.39582947431037,152.26280212402344,96970100,-6.13893104410298
39,38,2022-03-14,AAPL,151.66249879142745,147.70660988509843,149.03507466152865,148.2183074951172,108732100,-8.781513185060009
40,39,2022-03-15,AAPL,153.08942257610076,147.98217542358523,148.4938731423045,152.6170654296875,92964300,-4.969352298964758
41,40,2022-03-16,AAPL,157.44876942008187,151.99711238572482,154.54581073699606,157.04530334472656,102300200,-4.184674885722572
42,41,2022-03-17,AAPL,158.4328293113158,155.1165693039783,156.08093884327653,158.0588836669922,75615400,-3.37483667730345
43,42,2022-03-18,AAPL,161.85733809568418,157.21259798603037,157.9506391261387,161.3653106689453,123511700,0.496417418646522
44,43,2022-03-21,AAPL,163.69754597170976,160.41079104635503,160.90281851844856,162.74301147460938,95811400,3.816693582400643
45,44,2022-03-22,AAPL,166.71858251121776,162.28050023380402,162.87092417568584,166.12815856933594,81532000,7.228162284681905
46,45,2022-03-23,AAPL,169.88723307812018,164.9767938445975,165.31138391398235,167.49598693847656,98062700,4.455366073288403
47,46,2022-03-24,AAPL,171.36330962465348,167.4959813021374,168.33241890873853,171.29443359375,90131400,9.809494482895431
48,47,2022-03-25,AAPL,172.48515040066314,169.99549257889427,171.10747947713025,171.93408203125,80546200,12.919294557053806
49,48,2022-03-28,AAPL,172.92795048627315,169.25743018713217,169.42471770580778,172.80003356933594,90371900,16.5848109384386
50,49,2022-03-29,AAPL,176.1556818269469,173.52825675371,173.87268201319478,176.1064910888672,100589400,15.391087224122746
51,50,2022-03-30,AAPL,176.74609743731983,173.88249413539714,175.7030016679424,174.93544006347656,92633200,11.391704392126757
52,51,2022-03-31,AAPL,175.19128676604245,171.61916279397346,175.00431393883977,171.82582092285156,103049300,8.710005370444328
53,52,2022-04-01,AAPL,172.09152763755276,169.19840379678678,171.2550749570232,171.53060913085938,78751300,6.299556217983571
54,53,2022-04-04,AAPL,175.64397809076996,171.6585524344424,171.78648438629216,175.5947723388672,76468400,7.896966356839785
55,54,2022-04-05,AAPL,175.45698948199342,171.6388517127187,174.66974256872732,172.26864624023438,73401800,3.696235318430752
56,55,2022-04-06,AAPL,170.86143526379934,167.41724355380708,169.6116814961237,169.0901336669922,89058800,0.9517521927860706
57,56,2022-04-07,AAPL,170.59575076458447,167.14172361896223,168.4308330803216,169.39520263671875,77594700,-1.108752291119719
58,57,2022-04-08,AAPL,169.04096981181576,166.50210606320158,169.04096981181576,167.37791442871094,76575500,-2.6499502301765565
59,58,2022-04-11,AAPL,166.33476922464124,162.8610572412183,166.0198795202021,163.10707092285156,72246700,-5.609352293670177
60,59,2022-04-12,AAPL,167.1613860255376,163.98289318870957,165.34089363354275,164.98663330078125,79265200,-6.314280478437684
61,60,2022-04-13,AAPL,168.3127321148904,164.11082878699807,164.72093797881234,167.6829376220703,70618900,-4.145816558825722
62,61,2022-04-14,AAPL,168.5390777375964,162.4084052337266,167.8994330781819,162.6544189453125,75329400,-5.337615690284958
63,62,2022-04-18,AAPL,163.94352983512067,160.96184509877446,161.30625525719185,162.43792724609375,69023900,-5.30090922596147
64,63,2022-04-19,AAPL,165.14407487442162,161.29641720934256,162.38871857930025,164.7307586669922,67723800,-6.186980128832853
65,64,2022-04-20,AAPL,166.18719136722032,163.45152002793873,166.06909457220715,164.56349182128906,67929800,-4.472754959831882
66,65,2022-04-21,AAPL,168.7949239860417,163.26454063992998,166.21670513338208,163.7664031982422,87227800,-3.1484571886580937
67,66,2022-04-22,AAPL,165.19325952257165,158.92483581876152,163.8057537918965,159.210205078125,84882400,-6.012565527275449
68,67,2022-04-25,AAPL,160.5682214607871,155.9333317168137,158.55090609825874,160.28285217285156,96046400,-4.238947701120555
69,68,2022-04-26,AAPL,159.75144619433357,154.22106324602348,159.66288486961668,154.29978942871094,95623200,-5.3996932470857795
70,69,2022-04-27,AAPL,157.24211378977282,152.9024434257798,153.42399128149194,154.07347106933594,88063200,-6.614573564605031
71,70,2022-04-28,AAPL,161.89670425341123,156.3958263617354,156.71073111363518,161.03073120117188,130216800,-3.967133755666552
72,71,2022-04-29,AAPL,163.54991794930683,154.7426297819827,159.25943807460507,155.13624572753906,131747600,-4.622175817000818
73,72,2022-05-02,AAPL,155.70698341755673,150.8260801242461,154.21123096519486,155.44129943847656,123055300,-4.307262427091474
74,73,2022-05-03,AAPL,158.1474864801479,153.827485608277,155.62829305402306,156.9370880126953,88966500,-4.731156899515043
75,74,2022-05-04,AAPL,163.82544428980776,156.7205671988061,157.12403328379716,163.37278747558594,108256500,-0.7235531602575618
76,75,2022-05-05,AAPL,161.4637492307035,152.47932210721157,161.23742078079442,154.2703094482422,130525300,-5.798560366807837
77,76,2022-05-06,AAPL,157.12822726592017,151.94448418251287,153.74795219056614,154.99954223632812,116124600,-2.644719187272382
78,77,2022-05-09,AAPL,153.5705818622736,149.29351226682695,152.68362217522588,149.85523986816406,131577900,-6.505756644161909
79,78,2022-05-10,AAPL,154.46736088090017,150.71259117184084,153.26504901265346,152.26968383789062,115366700,-1.3156891518366298
80,79,2022-05-11,AAPL,153.19606667734942,143.69584140711092,151.2743434971103,144.37583923339844,142689800,-6.294160681025607
81,80,2022-05-12,AAPL,144.08017169792242,136.78747393168032,140.6999121632787,140.49295043945312,182602000,-12.75395113002461
82,81,2022-05-13,AAPL,145.9526407258744,141.03498745815705,142.4935240941809,144.97698974609375,113990900,-6.548602445419293
83,82,2022-05-16,AAPL,145.38103505425713,142.08945202175065,143.43959790519762,143.4297332763672,86643800,-7.727396905134299
84,83,2022-05-17,AAPL,147.59842494021692,144.55321674293847,146.7016158103138,147.07611083984375,78336300,-6.283395020082105
85,84,2022-05-18,AAPL,145.2233813560545,137.87153963890293,144.72078142086878,138.77821350097656,109742900,-15.05426598556674
86,85,2022-05-19,AAPL,139.6060101724561,134.61937984366847,137.85182041341724,135.35850524902344,136095600,-12.258874871553738
87,86,2022-05-20,AAPL,138.65995498562737,130.68725738522548,137.07329814838306,135.5950469970703,137426100,-12.519066159351455
88,87,2022-05-23,AAPL,141.18280747509044,135.6541486277064,135.792118107207,141.0349884033203,117726300,-5.885847884000195
89,88,2022-05-24,AAPL,139.91153156082976,135.3388090457555,138.76834717267448,138.3248748779297,104132700,-9.15796802652251
90,89,2022-05-25,AAPL,139.73414963230113,136.33417493293138,136.42286639453397,138.48257446289062,92482700,-4.081891265047988
91,90,2022-05-26,AAPL,142.24717525757603,135.1515728345783,135.3979480231376,141.69529724121094,90601500,0.8558057881174364
92,91,2022-05-27,AAPL,147.50973506608682,143.15382385017716,143.28194375102797,147.47032165527344,90978500,1.719812167121426
93,92,2022-05-31,AAPL,148.47554915584195,144.71092900811684,146.90860654542266,146.6819305419922,103718400,2.2674498455341308
94,93,2022-06-01,AAPL,149.53985256911304,145.53870787317794,147.72652020499015,146.5537872314453,74286600,-0.3551383058851831
95,94,2022-06-02,AAPL,149.07667523553576,144.73061411862278,145.68655087325112,149.01754760742188,72348100,7.378199969675547
96,95,2022-06-03,AAPL,145.82455342819665,142.36545106101252,144.770060362495,143.27210998535156,88570300,5.8464037570223
97,96,2022-06-06,AAPL,146.41583140720172,142.799030970996,144.89815206168706,144.02105712890625,71598400,6.21409875835508
98,97,2022-06-07,AAPL,146.83957576238276,142.01062928588593,142.257004413004,146.5537872314453,67808200,3.913070714298783
99,98,2022-06-08,AAPL,147.69699226544608,145.3219468917094,146.42570291726497,145.814697265625,53950200,5.414660518800396
100,99,2022-06-09,AAPL,145.80482957531117,140.46341743862806,144.9474487547002,140.5718231201172,69473000,1.5086726003829654
101,100,2022-06-10,AAPL,138.7190811555441,135.07273136179253,138.24604500265073,135.1417236328125,91437900,-4.625117231125985
102,101,2022-06-13,AAPL,133.23968891028474,129.53421176750797,130.94347052169286,129.96783447265625,122207100,-11.868481051754266
103,102,2022-06-14,AAPL,131.94868835400084,129.57362805380447,131.19971323419813,130.83506774902344,84784300,-10.803554830792262
104,103,2022-06-15,AAPL,135.34866434133303,130.24377786500034,132.3428841585756,133.4663543701172,91533000,-8.93012259086814
105,104,2022-06-16,AAPL,130.47044340040713,127.16900988024103,130.16494057459525,128.17422485351562,108123900,-13.987159961064975
106,105,2022-06-17,AAPL,131.1504619203318,127.92786975836931,128.1841096170733,129.65249633789062,134520300,-9.506116472252302
107,106,2022-06-21,AAPL,135.07272690596213,131.3869638200352,131.48550486996535,133.8999786376953,81000500,-7.027499098379797
108,107,2022-06-22,AAPL,135.76257275465719,131.96840403366457,132.8356344352228,133.3875274658203,73409200,-8.983909603668017
109,108,2022-06-23,AAPL,136.58053489148253,133.66346131552876,134.83620952437622,136.2651824951172,72433800,-6.549075607318122
110,109,2022-06-24,AAPL,139.8523626440205,137.74339243067533,137.8714972546465,139.60598754882812,89116800,-0.6870762218568971
111,110,2022-06-27,AAPL,141.40945505014153,138.92598988009033,140.63090132830982,139.60598754882812,70207900,3.3033942412524553
112,111,2022-06-28,AAPL,141.34049395514106,135.328949330103,140.06920480029078,135.44720458984375,67083400,4.215943228891983
113,112,2022-06-29,AAPL,138.63039676191534,134.68839353261495,135.4669475914292,137.21127319335938,66242400,4.873468217685484
114,113,2022-06-30,AAPL,136.36372576433453,131.8304316095035,135.25996980273172,134.73765563964844,98964500,0.9525256575194874
115,114,2022-07-01,AAPL,137.02400931509246,133.69302720857007,134.06750724522163,136.9156036376953,71051600,6.819919366916238
116,115,2022-07-05,AAPL,139.5567548491927,134.94460374967946,135.77243576693132,139.50747680664062,73353800,7.601072672805853
117,116,2022-07-06,AAPL,142.03034554759492,139.03443025811183,139.30051963790794,140.84774780273438,74064300,5.188775409619928
118,117,2022-07-07,AAPL,144.42512446788226,141.20253310502923,141.21238269809453,144.22802734375,66253700,8.127071611479941
119,118,2022-07-08,AAPL,145.4106197017086,142.89759010951482,143.1538148575739,144.9080047607422,64547800,6.342649022566493
120,119,2022-07-11,AAPL,144.51385686094872,141.69532357844145,143.55791974865267,142.76951599121094,63141600,2.2660406605242045
121,120,2022-07-12,AAPL,146.29756011597522,142.94686411267188,143.64656111311933,143.7451171875,77588800,2.964865412541262
122,121,2022-07-13,AAPL,144.3265807145126,140.0593606954875,140.91675656689353,143.38050842285156,71185600,5.857118909933323
123,122,2022-07-14,AAPL,146.7903426970183,141.1729910854223,141.9909585625348,146.3173065185547,78140700,6.636505232600687
124,123,2022-07-15,AAPL,148.67264318460957,146.05120759050547,147.6083005741264,147.99264526367188,76259900,9.837628212467564
125,124,2022-07-18,AAPL,149.37236031781808,144.57296129769512,148.5543928665957,144.93760681152344,81420900,5.859086152850668
126,125,2022-07-19,AAPL,149.03725358197892,144.7798987508147,145.77524895701922,148.8105926513672,82982400,6.668542832023849
127,126,2022-07-20,AAPL,151.49113201950726,148.18969946119495,148.92882480670872,150.82098388671875,64823400,7.0808630166756314
128,127,2022-07-21,AAPL,153.3143455287886,149.73697330616696,152.25985260020167,153.0975341796875,65086600,6.149641646833381
129,128,2022-07-22,AAPL,154.01403798046638,151.18565597102892,153.13694301712763,151.8557891845703,66675400,4.794617409369217
130,129,2022-07-25,AAPL,152.7920231935369,150.07204665223094,151.7769586670234,150.73233032226562,53623900,5.5773911368760976
131,130,2022-07-26,AAPL,150.87027214829726,148.613482556807,150.05230490595423,149.40188598632812,55138700,3.935277183328245
132,131,2022-07-27,AAPL,155.04882613514658,149.95378934695273,150.36769783431046,154.5166473388672,78620700,7.766842954115782
133,132,2022-07-28,AAPL,155.35431578247076,152.17115301810267,154.70388176992367,155.0685272216797,81378700,5.980988108207996
134,133,2022-07-29,AAPL,161.257488076031,157.1873652790473,158.90214195015406,160.15371704101562,101786900,8.217348744376384
135,134,2022-08-01,AAPL,161.2180561543135,158.55720726769144,158.6754625398599,159.168212890625,67829400,9.81843594092664
136,135,2022-08-02,AAPL,160.05516729364513,157.31547663627524,157.77866315380257,157.68995666503906,59907000,5.966889759302552
137,136,2022-08-03,AAPL,164.17455908657996,158.41923856963987,158.50793002421338,163.7212371826172,82507500,8.553354422875126
138,137,2022-08-04,AAPL,164.76584892141557,162.04585762155315,163.60295038541236,163.40585327148438,55474100,6.733171208164723
139,138,2022-08-05,AAPL,163.6723288419394,160.85974446443265,161.06699370571175,163.17889404296875,56697000,7.456485471644392
140,139,2022-08-08,AAPL,165.60659947941937,162.04399931317954,164.18550472324978,162.7052001953125,60276900,7.9431332663993715
141,140,2022-08-09,AAPL,163.6426928471197,161.10643123455282,161.86632489685934,162.75450134277344,63135500,8.937380721999189
142,141,2022-08-10,AAPL,167.11648492615134,164.70852083002953,165.47827786948693,167.01780700683594,70170500,8.090493732078418
143,142,2022-08-11,AAPL,168.74485366768013,165.9816155247536,167.82705702584587,166.27767944335938,57149200,7.228515303853711
144,143,2022-08-12,AAPL,169.9093440404782,167.1757109224635,167.59020942251294,169.84027099609375,68039400,6.048285443538837
145,144,2022-08-15,AAPL,171.11332550526615,169.10011807446065,169.26788410549148,170.91595458984375,54091700,7.380708425300586
146,145,2022-08-16,AAPL,171.4291358420734,169.40605002056787,170.5113392247935,170.758056640625,56377100,8.287211343043776
147,146,2022-08-17,AAPL,173.83710023890018,170.30411978939432,170.5014907274795,172.25811767578125,79542000,5.214278025300945
148,147,2022-08-18,AAPL,172.60347919281742,170.84685258911696,171.46858522763415,171.8633270263672,62290100,5.175747126286523
149,148,2022-08-19,AAPL,171.4587350859564,169.06063405258988,170.758051022337,169.26788330078125,70346300,3.7314808961808055
150,149,2022-08-22,AAPL,167.62966033417896,164.94537398602955,167.4618943197239,165.36973571777344,69026800,1.6376461964721534
151,150,2022-08-23,AAPL,166.494788154392,164.46182399117447,164.88618577839446,165.03421020507812,54147100,1.4007040318371633
152,151,2022-08-24,AAPL,165.90263208814247,164.0670542175665,165.12301180960134,165.3302459716797,53841500,-1.010407851353945
153,152,2022-08-25,AAPL,167.9059805666135,166.13949074062336,166.56383740879377,167.79742431640625,51218200,0.9139800832766332
154,153,2022-08-26,AAPL,168.80405254539968,161.4123936253421,168.3303593412636,161.4716033935547,78961000,-4.927375323565952
155,154,2022-08-29,AAPL,160.76104775775735,157.72150271792214,159.0340260013609,159.26101684570312,73314000,-6.819104613205718
156,155,2022-08-30,AAPL,160.42552392043874,155.64907854678992,160.00117720950024,156.82345581054688,77906200,-8.160435357615182
157,156,2022-08-31,AAPL,158.47152210531658,155.07668827346,158.20506309707196,155.1556396484375,87991100,-9.928401783382713
158,157,2022-09-01,AAPL,156.3398768664933,152.6391159459931,154.58325022090398,155.88592529296875,74229900,-9.296574208031704
159,158,2022-09-02,AAPL,158.2544044411162,152.93517807481416,157.65241340262483,153.76414489746094,76957800,-9.159291237647771
160,159,2022-09-06,AAPL,155.0273296121399,151.6719792603848,154.4154753271388,152.50094604492188,73714800,-7.781828771144649
161,160,2022-09-07,AAPL,154.61285463504657,151.59303614241935,152.78715495485997,153.9121856689453,87449600,-6.739223656908555
162,161,2022-09-08,AAPL,154.30694642534044,150.6752581099915,152.6095293418246,152.43190002441406,84923800,-7.801564602689249
163,162,2022-09-09,AAPL,155.74776853082003,152.71807161072002,153.42861893209738,155.3036651611328,68028800,-7.445739531564355
164,163,2022-09-12,AAPL,162.10317635640433,157.2083121383532,157.49449766359504,161.28407287597656,104956000,-0.1161383881976174
165,164,2022-09-13,AAPL,158.4320621166019,151.35620785732317,157.80046608261773,151.82003784179688,122656600,-4.672191068022191
166,165,2022-09-14,AAPL,155.0372110898694,151.59303096684667,152.75752979849568,153.2707061767578,87965400,-2.2654453158340138
167,166,2022-09-15,AAPL,153.2016498653033,149.39233241450626,152.61938532747467,150.36932373046875,90481100,-3.084848174912569
168,167,2022-09-16,AAPL,149.36272674550892,146.4218443622924,149.22456559759132,148.72125244140625,162278800,-4.596099896829919
169,168,2022-09-19,AAPL,152.53058102303027,147.14228080189363,147.34951500970212,152.45162963867188,81474200,-0.8535899312966166
170,169,2022-09-20,AAPL,156.00434240653766,151.06999458899193,151.3857850189289,154.83982849121094,107689800,1.5336838930822827
171,170,2022-09-21,AAPL,156.6557045846627,151.58319483232563,155.27407794326896,151.7016143798828,101696800,-1.4362548874572445
172,171,2022-09-22,AAPL,152.44174672656402,148.92849339656019,150.37919289810281,150.73446655273438,86652500,-1.113568400976317
173,172,2022-09-23,AAPL,149.48114103515752,146.60934685596038,149.20481874902532,148.4547882080078,96029900,-4.409990547241149
174,173,2022-09-26,AAPL,151.7509532458143,147.67517669341092,147.69491830315658,148.79034423828125,93339400,-7.746411914648688
175,174,2022-09-27,AAPL,152.68845924345578,147.98108723466274,150.7344617346572,149.76731872558594,84442700,-1.3520739063113352
176,175,2022-09-28,AAPL,148.6620267188795,142.93818038229188,145.7014181025515,147.87252807617188,146691400,-3.521989449412821
177,176,2022-09-29,AAPL,144.7934934551737,138.83279327495222,144.18163918720862,140.60916137695312,128138200,-6.49079354178006
178,177,2022-09-30,AAPL,141.2210460611346,136.18800506786133,139.42493615755308,136.3853759765625,124925300,-8.29462922234594
179,178,2022-10-03,AAPL,141.19145931529042,135.8820953561044,136.39527183139853,140.57958984375,114311700,-7.787414160845641
180,179,2022-10-04,AAPL,144.30007541815792,142.36580435900075,143.12569817421627,144.18165588378906,87830100,-6.883353405436543
181,180,2022-10-05,AAPL,145.4448653435647,141.13223439210503,142.17832895296007,144.47772216796875,79471000,-4.761908593684694
182,181,2022-10-06,AAPL,145.60272687269935,143.31319734564778,143.8954467664891,143.5204315185547,68402200,-4.785922688528476
183,182,2022-10-07,AAPL,141.22105183590455,137.61896860646343,140.6683921871329,138.2505645751953,85925600,-6.873623785387661
184,183,2022-10-10,AAPL,140.02691706572585,136.7505180551927,138.5762176513672,138.5762176513672,74899000,-6.864777845097647
185,184,2022-10-11,AAPL,139.49402735669463,136.40512061529776,138.063054355342,137.15513610839844,77033700,-8.421184758135658
186,185,2022-10-12,AAPL,138.51700974724292,136.3458997629281,137.30316442493086,136.52352905273438,70433700,-7.67485290952179
187,186,2022-10-13,AAPL,141.70458518782445,132.60564736672077,133.2175166847836,141.1124725341797,113224000,0.3579504722862614
188,187,2022-10-14,AAPL,142.62238154840435,136.37549592938134,142.41513233177395,136.56300354003906,88598000,0.1302394499444581
189,188,2022-10-17,AAPL,141.0236718643574,138.42821483436188,139.2177135934962,140.5401153564453,85250900,-0.0280798139677074
190,189,2022-10-18,AAPL,144.7737497481639,138.7637182271675,143.57964610972482,141.86248779296875,99136600,-1.6085042695650364
191,190,2022-10-19,AAPL,143.0467843959186,139.64208636203043,139.82959404635443,141.97109985351562,61758300,-1.7349542039006849
192,191,2022-10-20,AAPL,143.97439116428012,140.77692855410262,141.14208050988137,141.50721740722656,64522000,-1.4027369413725954
193,192,2022-10-21,AAPL,145.90867462024406,140.7769407155068,140.99405322955806,145.33628845214844,86548600,5.125276629954856
194,193,2022-10-24,AAPL,148.2574127069579,144.08295860217441,145.25733581108966,147.48765563964844,75981900,6.430712382914661
195,194,2022-10-25,AAPL,150.4877458912043,147.39883932372416,148.11924989222194,150.33970642089844,74732300,9.612888504649051
196,195,2022-10-26,AAPL,149.9943121264643,146.09616525843597,148.9778376688811,147.38897705078125,88194300,7.958663296676072
197,196,2022-10-27,AAPL,147.09290769599798,142.2375113745511,146.12577976482095,142.89871215820312,109180200,1.2658268910926918
198,197,2022-10-28,AAPL,155.4319533375391,145.87906336998515,146.25406355734995,153.695068359375,164762400,12.545172832488973
199,198,2022-10-31,AAPL,152.2147755550462,149.92523080942135,151.1489545588176,151.3265838623047,97943200,7.675010425672535
200,199,2022-11-01,AAPL,153.40886706506188,147.17185939924275,153.0437301537615,148.67189025878906,80379300,4.800002151208438
201,200,2022-11-02,AAPL,150.1719344831505,143.09608176430027,146.9942133937789,143.1256866455078,93604600,0.8132548055086453
202,201,2022-11-03,AAPL,140.92496892991684,136.92814440584334,140.19468007204958,137.0564422607422,97918500,-3.145263703176371
203,202,2022-11-04,AAPL,141.03023754059535,132.83552430474884,140.456901891493,136.78955078125,140814800,-5.880663227279559
204,203,2022-11-07,AAPL,137.55068603269024,134.11068732115655,135.5341392248018,137.32333374023438,83374600,-6.891642460063374
205,204,2022-11-08,AAPL,139.80449340378325,135.90978972981833,138.79622744381308,137.8966827392578,89908500,-8.276605015314132
206,205,2022-11-09,AAPL,136.95759752003397,133.0431046023265,136.90816917152026,133.31988525390625,74917800,-9.54555223761927
207,206,2022-11-10,AAPL,145.1819610595703,137.89667216677097,139.61667909909517,145.1819610595703,118854000,1.5978092922484866
208,207,2022-11-11,AAPL,148.28588106740983,142.71070401695297,144.1440507641814,147.9794464111328,93979700,-3.718806341188341
209,208,2022-11-14,AAPL,148.55275765609238,145.7355080589872,147.25781653663145,146.57574462890625,73374100,-3.1394610993937033
210,209,2022-11-15,AAPL,151.82473825025608,146.85255082741247,150.47048891741846,148.31553649902344,89868300,-0.2396914165450736
211,210,2022-11-16,AAPL,148.14749936078283,145.59715017769167,147.4160140311921,147.0799102783203,64218300,2.762763082916253
212,211,2022-11-17,AAPL,149.7389762643868,144.47023425105218,144.74701489370946,148.9877166748047,80389400,8.705372923196064
213,212,2022-11-18,AAPL,150.94499150219465,148.2463720514419,150.55947443780138,149.5511932373047,74829600,9.329398615002948
214,213,2022-11-21,AAPL,148.6417447784354,146.02220810744817,148.43416682216127,146.30886840820312,58724100,6.543341487009124
215,214,2022-11-22,AAPL,148.6911654782662,145.24127190945183,146.42749193221246,148.45391845703125,51804100,7.655902599002773
216,215,2022-11-23,AAPL,150.08496935516192,147.62358231947215,147.73231865639212,149.33370971679688,58301400,12.011579842266196
217,216,2022-11-25,AAPL,147.16888449613631,145.42910302505686,146.6054284287757,146.40773010253906,35195900,0.8442984472883719
218,217,2022-11-28,AAPL,144.95462339373816,141.73209694821898,143.47186332830165,142.56243896484375,69246000,-3.6606485411757377
219,218,2022-11-29,AAPL,143.14564904140522,138.73691772229893,142.6316213475949,139.5474853515625,83763800,-4.794967472372436
220,219,2022-11-30,AAPL,147.01073115671917,138.93463248466975,139.77485420692707,146.3286590576172,111380900,-1.33962866487648
221,220,2022-12-01,AAPL,147.41600568948158,144.92496463802757,146.5065813559001,146.6054229736328,71250400,-0.3226051088755954
222,221,2022-12-02,AAPL,146.2989942268281,143.97599740675216,144.2824471593233,146.11117553710938,65447400,-1.9307236877614151
223,222,2022-12-05,AAPL,149.18541949197922,144.09461635687657,146.07162962618466,144.94473266601562,68826400,-3.0801897808863554
224,223,2022-12-06,AAPL,145.60699863369098,140.28882926918882,145.37964638052253,141.2674560546875,64727200,-3.4457325850200893
225,224,2022-12-07,AAPL,141.72219330934035,138.39093073198447,140.55576270463825,139.32012939453125,69721100,-6.152608942514171
226,225,2022-12-08,AAPL,141.87049392300491,139.47830938217072,140.72382246539036,141.01048278808594,62128300,-5.573575413411669
227,226,2022-12-09,AAPL,143.89690343111556,139.2805646427551,140.70401646542416,140.52609252929688,76097000,-4.017299885137815
228,227,2022-12-12,AAPL,142.83921008074833,139.4387448115005,141.0598951045821,142.82933044433594,70462700,0.1872102367426631
229,228,2022-12-13,AAPL,148.24637662176136,142.58223647538804,147.78177718580815,143.798095703125,93886200,3.045995662948653
230,229,2022-12-14,AAPL,144.97440162134333,139.53761456960953,143.67946020964052,141.56405639648438,82291200,-3.256096715310386
231,230,2022-12-15,AAPL,140.17025624774567,134.46656823635524,139.48818419596876,134.93116760253906,98931900,-7.963044704828814
232,231,2022-12-16,AAPL,136.06792995299983,132.19298581991796,135.1189720463015,132.96401977539062,160156900,-8.998049405454022
233,232,2022-12-19,AAPL,133.6460931216457,129.81069766078807,133.5571311451233,130.84861755371094,79592600,-9.725165484133337
234,233,2022-12-20,AAPL,131.7185125149171,128.39712953221752,129.87988952300458,130.77943420410156,77432800,-7.424230706416779
235,234,2022-12-21,AAPL,135.23760401600552,131.2242690848365,131.45162141055363,133.8932342529297,85928000,-3.895269955021008
236,235,2022-12-22,AAPL,133.01345799694343,128.80242492111796,132.8058800384377,130.71023559570312,77852100,-7.30459678509312
237,236,2022-12-23,AAPL,130.89807435826336,128.1500265410144,129.41531409355704,130.34451293945312,63814900,-7.245330320218713
238,237,2022-12-27,AAPL,129.89966650674359,127.24058112280677,129.87001251300126,128.5355224609375,69007800,-10.007613939609616
239,238,2022-12-28,AAPL,129.52402325835672,124.42333294025542,128.17965363057965,124.59137725830078,85438400,-13.356726562274511
240,239,2022-12-29,AAPL,128.9803266572618,126.26194126578521,126.51894753125764,128.12033081054688,75703700,-9.496567086411469
241,240,2022-12-30,AAPL,128.45641986166103,125.9653867378923,126.93412645040064,128.4366455078125,77034200,-4.813211217335045
242,241,2023-01-03,AAPL,129.39551044224086,122.74286511723291,128.7826411649236,123.63252258300781,112117500,-7.018061884821202
243,242,2023-01-04,AAPL,127.18127564102066,123.64241984503863,125.43161455867813,124.90770721435547,89113600,-4.5402927829305
244,243,2023-01-05,AAPL,126.30148488412831,123.32608545003059,125.66884126386319,123.58309173583984,80962700,-5.502656065196543
245,244,2023-01-06,AAPL,128.79253144434853,123.45460129199294,124.5617315121944,128.13023376464844,87754700,-4.304176025350703
246,245,2023-01-09,AAPL,131.87670150653418,128.39715319682298,128.97048897560737,128.65415954589844,70790800,-1.573003093777825
247,246,2023-01-10,AAPL,129.7513700565325,126.64745995571087,128.76286346285156,129.2274627685547,63896200,-0.8569982316151026
248,247,2023-01-11,AAPL,131.97550878336855,128.96057576470602,129.7414893304502,131.95574951171875,69458900,2.6609197094294768
249,248,2023-01-12,AAPL,132.71690008626126,129.92931912019301,132.34127780837738,131.87667846679688,71379600,5.847355867486992
250,249,2023-01-13,AAPL,133.36931580754018,130.14678954891528,130.51253218381837,133.21115112304688,57809700,3.9734679736566303
251,250,2023-01-17,AAPL,135.7120843078782,132.58841445883436,133.2803661632613,134.3776092529297,63646600,4.625598653427776
252,251,2023-01-18,AAPL,137.01689153014115,133.47803632197883,135.24747146776636,133.65597534179688,69672800,8.107456314384631
253,252,2023-01-19,AAPL,134.68403382720132,132.23254150823482,132.53897616267878,133.71530151367188,58280400,7.051281698895973
254,253,2023-01-20,AAPL,136.43371598175548,132.6773870363522,133.72520185575365,136.28543090820312,80223600,10.278379504790712
255,254,2023-01-23,AAPL,141.67278077878365,136.31506144495467,136.5325341153351,139.48817443847656,81760300,8.86437208464832
256,255,2023-01-24,AAPL,141.51464034564432,138.68751022962752,138.69738986782352,140.89187622070312,66435100,9.512103392536474
257,256,2023-01-25,AAPL,140.79299416676852,137.21460493959157,139.27070057060922,140.22955322265625,65799300,8.51374020536657
258,257,2023-01-26,AAPL,142.59209549504305,140.26909865118563,141.52450641893512,142.30543518066406,54105100,7.843300278496912
259,258,2023-01-27,AAPL,145.53783884062292,141.43554202324185,141.51462437013356,144.25277709960938,70555800,9.3845998979482
260,259,2023-01-30,AAPL,143.87712465526727,141.208160111495,143.29390943800163,141.35643005371094,64015300,6.114562378595689
261,260,2023-01-31,AAPL,142.68103540109175,140.64471427014323,141.05988522159177,142.63160705566406,65874500,6.142390721655455
262,261,2023-02-01,AAPL,144.92494470830036,139.69575173845908,142.3152880410748,143.7584991455078,77663600,7.5586024327575885
263,262,2023-02-02,AAPL,149.4424109834998,146.46701173795722,147.18861728641792,149.08656311035156,118339000,11.495514292437225
264,263,2023-02-03,AAPL,155.57119313377925,146.13095089780094,146.32864922602454,152.7242889404297,154357300,12.062080240476458
265,264,2023-02-06,AAPL,151.3403789118004,149.04703617157855,150.81647157748358,149.98611450195312,69858300,7.52604305399871
266,265,2023-02-07,AAPL,153.44590961879757,148.90866692988584,148.90866692988584,152.87257385253906,83322600,8.50346943571716
267,266,2023-02-08,AAPL,152.80336635897712,149.43255491704016,152.11141469080906,150.17393493652344,64120100,7.091502101613001
268,267,2023-02-09,AAPL,152.55624141902396,148.6911765868534,152.0125597152097,149.13600158691406,56007100,4.799933605893725
269,268,2023-02-10,AAPL,149.82899586326752,147.73016708482578,147.96777632833437,149.50228881835938,57450700,3.639106174798368
270,269,2023-02-13,AAPL,152.71984461594153,149.413195193509,149.44289446147238,152.31394958496094,62199000,7.751695148983662
271,270,2023-02-14,AAPL,152.2347417014366,149.35379194828116,150.60120648274088,151.67042541503906,61707600,6.337177674684313
272,271,2023-02-15,AAPL,153.94749097395436,151.35365383790918,151.58135329250317,153.77919006347656,65573800,6.97050329373996
273,272,2023-02-16,AAPL,154.76917536637725,151.81893244470842,151.97732349543472,152.1753387451172,68167900,2.071800147729852
274,273,2023-02-17,AAPL,151.47245120963535,149.34392280711089,150.8289468385779,151.02694702148438,59144100,-1.1113765405104337
275,274,2023-02-21,AAPL,149.7894107206676,146.92826533516197,148.70038717333577,146.99755859375,58867200,-1.9925550562643668
276,275,2023-02-22,AAPL,148.45290411559392,145.69076597475495,147.38368496565576,147.4232940673828,51011300,-3.564589545285357
277,276,2023-02-23,AAPL,148.83900369928494,145.76996312428713,148.59149969615066,147.90838623046875,48394200,-1.5086164633112298
278,277,2023-02-24,AAPL,145.72045796846467,144.26513323484133,145.64125487541327,145.24525451660156,55469600,-2.6088583768588136
279,278,2023-02-27,AAPL,147.68069636554856,145.97786750491304,146.23528135301038,146.44317626953125,44998500,-2.04619780272719
280,279,2023-02-28,AAPL,147.5916032868755,145.36406704246494,145.58187179487862,145.9382781982422,50547000,-4.18587490121014
281,280,2023-03-01,AAPL,145.76005131760687,143.56221459109048,145.3640509605452,143.85922241210938,55479000,-5.150116103093072
282,281,2023-03-02,AAPL,145.24526294031543,142.4633051197938,142.9385237056633,144.4532470703125,52238100,-6.064502608782451
283,282,2023-03-03,AAPL,149.60132834219667,145.85906882111533,146.56197176838737,149.52212524414062,70732300,-1.7435239657461854
284,283,2023-03-06,AAPL,154.73949959731118,151.92785785960842,152.25454983701871,152.29415893554688,87558000,0.8390634512940531
285,284,2023-03-07,AAPL,152.49215731620518,149.62111707090608,152.16545023619062,150.08642578125,56182000,2.1013050944856504
286,285,2023-03-08,AAPL,151.93776567756532,150.31413994619248,151.2843514535327,151.34375,47204800,2.659319178436803
287,286,2023-03-09,AAPL,152.99704649679572,148.73008049756518,152.02683517023416,149.08648681640625,53833600,0.7965069567467342
288,287,2023-03-10,AAPL,149.43300577006005,146.13625093512175,148.7102983763868,147.01736450195312,68572400,1.2200811594495151
289,288,2023-03-13,AAPL,151.6110378452132,146.2253488070177,146.33425116280637,148.9676971435547,84457100,1.7238910943703
290,289,2023-03-14,AAPL,151.86843881288326,148.60139830336453,149.7696098588517,151.0665283203125,73695900,3.5139856282969895
291,290,2023-03-15,AAPL,151.71995365613,148.42319852737018,149.68052309089944,151.46255493164062,77167900,5.285259013669763
292,291,2023-03-16,AAPL,154.89788610113325,150.1260024664939,150.64081493684654,154.29397583007812,76161100,6.8123970622658625
293,292,2023-03-17,AAPL,155.17510202547024,152.7396561952458,154.52168788730708,153.4524688720703,98944600,2.6286033732547676
294,293,2023-03-20,AAPL,156.24435706670008,152.6109844787461,153.52181263638127,155.8285369873047,73641400,2.320757458106848
295,294,2023-03-21,AAPL,157.80852485445894,154.9770788401289,155.74930512262205,157.68972778320312,73938300,5.065949143885207
296,295,2023-03-22,AAPL,160.5211932163919,156.23442213481738,157.70955140928402,156.2542266845703,75701800,3.244585048652704
297,296,2023-03-23,AAPL,159.93706781022715,156.10569609721924,157.24422341863578,157.3432159423828,67622100,5.5382142958029235
298,297,2023-03-24,AAPL,158.73916800835937,156.27403774029648,157.27394850099208,158.6500701904297,59196500,7.912470562837504
299,298,2023-03-27,AAPL,159.1648829259014,156.2938273470206,158.34316780021032,156.69973754882812,52390300,5.19041413241581
300,299,2023-03-28,AAPL,156.90764422361815,154.4226943488484,156.39283166414998,156.07601928710938,45992200,3.316082670659548
301,300,2023-03-29,AAPL,159.4420897633789,157.75906547972215,157.7788549243155,159.16488647460938,51305700,5.085304117869294
302,301,2023-03-30,AAPL,160.84790077737682,159.659884598305,159.9172833200629,160.73899841308594,49501700,4.177105780270796
303,302,2023-03-31,AAPL,163.35263923391068,160.29349343380431,160.8182007028279,163.25363159179688,68749800,6.387100052393135
304,303,2023-04-03,AAPL,164.62976816550022,162.5804427244333,162.62994654998397,164.51097106933594,56976200,5.571786946019142
305,304,2023-04-04,AAPL,165.1742443629799,163.461521135219,164.93665022196166,163.97633361816406,46278300,3.986693314357148
306,305,2023-04-05,AAPL,163.40214436262949,160.18459235196994,163.09524181864398,162.12501525878906,51511700,3.757203052222114
307,306,2023-04-06,AAPL,163.31301423323083,160.3825607965336,160.80826034261725,163.01600646972656,45390100,3.605360735362795
308,307,2023-04-10,AAPL,160.4122772216797,158.48174921205518,159.80836691031573,160.4122772216797,47716900,1.1107508677019815
309,308,2023-04-11,AAPL,160.73900266239136,158.90746697083827,160.72910794044708,159.194580078125,47644200,1.5921165972083928
310,309,2023-04-12,AAPL,160.44196371360533,158.18472881957942,159.61035403821532,158.5015411376953,50133100,1.554064398659527
311,310,2023-04-13,AAPL,164.1446374499689,159.8083630212289,160.01627300479524,163.9070281982422,68445600,2.9793893795722948
312,311,2023-04-14,AAPL,164.65948057952454,162.18444039601638,162.94674189589546,163.56056213378906,49386500,1.755369728914169
313,312,2023-04-17,AAPL,163.73872843453088,162.39230621171848,163.4417206444433,163.580322265625,41516200,0.2001123470533272
314,313,2023-04-18,AAPL,165.73858561594125,163.99614775175192,164.44166704612937,164.80796813964844,49923000,0.180533291112428
315,314,2023-04-19,AAPL,166.48109766330478,163.8872454167369,164.14465925023921,165.95639038085938,47720200,1.2075259392651638
316,315,2023-04-20,AAPL,166.19396563576217,163.90703130539762,164.43173852810273,164.98614501953125,52456400,1.764767612311502
317,316,2023-04-21,AAPL,164.78815208279067,162.8477292777316,163.40213579346278,163.3724365234375,58337300,0.2186472736204203
318,317,2023-04-24,AAPL,163.94664508043508,162.25371118266517,163.35262947612597,163.67933654785156,41949600,2.036664139900602
319,318,2023-04-25,AAPL,164.64953661232676,162.09529385976796,163.54072367407858,162.13490295410156,48714100,1.8469993604892876
320,319,2023-04-26,AAPL,163.62984381357916,161.1746083552498,161.43200707778223,162.12501525878906,45498800,2.2860813182541406
321,320,2023-04-27,AAPL,166.87708827078586,163.54073931024718,163.54073931024718,166.7285919189453,64902300,1.7214415706997557
322,321,2023-04-28,AAPL,168.15421688581486,166.2038842356674,166.80779457565893,167.98590087890625,55209200,2.705627008971367
323,322,2023-05-01,AAPL,168.74820381228082,166.9562774855819,167.58988704485296,167.89678955078125,52472900,2.638744822954364
324,323,2023-05-02,AAPL,168.64921071415353,165.8672534099648,168.39179691797213,166.85726928710938,48425700,1.243447856674318
325,324,2023-05-03,AAPL,169.21352427793394,165.4910697460863,167.8077034423993,165.77816772460938,65136000,-0.1073912585354497
326,325,2023-05-04,AAPL,165.37223965151196,162.6695006318279,163.243711633137,164.1347198486328,81235400,-0.5160585883121516
327,326,2023-05-05,AAPL,172.5598046719848,169.0551393113796,169.27294405611536,171.83709716796875,113316400,5.181204874371148
328,327,2023-05-08,AAPL,172.11428813282294,170.3916548495959,170.7579559365768,171.7677764892578,55962800,4.941637785195696
329,328,2023-05-09,AAPL,171.80737116626167,169.88675280256177,171.3222729910744,170.0550537109375,45326900,4.884914113204886
330,329,2023-05-10,AAPL,172.29247239543182,170.18373361448457,171.29256173687202,171.82716369628906,53724500,5.9843623897355425
331,330,2023-05-11,AAPL,172.84688383352895,170.4510470092042,172.11428168700377,172.01527404785156,49514700,3.170831150230291
332,331,2023-05-12,AAPL,172.5605130962495,169.52687667093326,172.12430116865193,171.08335876464844,45497800,1.8438796765301249
333,332,2023-05-15,AAPL,171.71784028672823,169.99282456135643,171.6682680003546,170.58766174316406,37266700,1.6026942501893071
334,333,2023-05-16,AAPL,171.6484360603376,170.31998349861684,170.50834911043384,170.58766174316406,42110300,2.2356787163020364
335,334,2023-05-17,AAPL,171.44026961578084,168.9518977126324,170.23079334736886,171.2023468017578,57951600,3.271950191993356
336,335,2023-05-18,AAPL,173.73035780662187,171.09326939359272,171.50964938607018,173.5419921875,65496700,5.731433512387074
337,336,2023-05-19,AAPL,174.8704617599002,173.43295602393476,174.8704617599002,173.65106201171875,55772400,1.055630520793116
338,337,2023-05-22,AAPL,173.20492646986477,171.95577135327312,172.48120433403864,172.69931030273438,43570900,0.5423216347769433
339,338,2023-05-23,AAPL,171.88639029719062,169.80447509030535,171.6385439691014,170.08206176757812,50747300,0.0158819488461192
340,339,2023-05-24,AAPL,170.93465495874622,169.0510289027881,169.61611066863975,170.35964965820312,45143500,-0.8540640528058918
341,340,2023-05-25,AAPL,172.4018896852921,170.21093674442764,170.92473533776644,171.49974060058594,56058300,-0.2997021340803818
342,341,2023-05-26,AAPL,174.25581421879875,171.61872545109665,171.826923039006,173.91873168945312,54835000,1.6573049215763858
343,342,2023-05-30,AAPL,177.44807247659148,175.04892170114425,175.43556138959772,175.7726287841797,55964400,3.0394736571406344
344,343,2023-05-31,AAPL,177.80496826079084,175.23726871202743,175.80236562165695,175.72305297851562,99625300,3.010411880246866
345,344,2023-06-01,AAPL,178.56829930609416,175.4057780636658,176.1691489115404,178.53855895996094,68901800,4.28511191303822
346,345,2023-06-02,AAPL,180.21402596420296,177.71573067078862,179.4704869589175,179.39117431640625,61945900,3.37047077492727
347,346,2023-06-05,AAPL,183.35670847100744,176.50623240767692,181.05670243794387,178.03297424316406,121946500,2.523400767424966
348,347,2023-06-06,AAPL,178.56833268525313,175.9015035496613,178.41963092679066,177.6661834716797,64848400,2.876023743371414
349,348,2023-06-07,AAPL,179.64894264257165,175.79245430672572,176.90280103766142,176.28814697265625,61944600,3.648876983605076
350,349,2023-06-08,AAPL,179.2821284929526,175.93125619506344,176.367453055308,179.01446533203125,50214900,5.080320188021337
351,350,2023-06-09,AAPL,180.66015634842165,179.0739487923587,179.93644924551378,179.40110778808594,48870700,4.607218156616266
352,351,2023-06-12,AAPL,182.30585540353945,179.41101193334958,179.7084305703386,182.2067108154297,54274900,4.7654321334262395
353,352,2023-06-13,AAPL,182.5635949733869,180.86833459999627,181.2252339092373,181.7308349609375,54929100,3.389723541128542
354,353,2023-06-14,AAPL,182.8015225920405,180.45194442949565,181.7903054182597,182.3653106689453,57462900,3.7799580520842646
355,354,2023-06-15,AAPL,184.91320900884034,182.19680756750913,182.3752648056927,184.4075927734375,65433200,3.28726402165751
356,355,2023-06-16,AAPL,185.37914013584773,182.68257094685526,185.12137027990616,183.32696533203125,101235600,2.1939713760294133
357,356,2023-06-20,AAPL,184.4968356108102,182.8213918043196,182.8213918043196,183.4162139892578,49799100,3.0237318502251753
358,357,2023-06-21,AAPL,183.8127651610623,181.01705115534045,183.30714894064778,182.37525939941406,49515700,2.6505189877537916
359,358,2023-06-22,AAPL,185.43864089866383,182.08775342754114,182.15715766621673,185.38906860351562,51245300,5.162526118259669
360,359,2023-06-23,AAPL,185.94423180057566,183.41619616013958,183.95155271461957,185.07180786132812,53079300,3.383716795210856
361,360,2023-06-26,AAPL,186.42999999051133,183.63428631385352,185.2205087707664,183.6739501953125,48088700,2.381725765190801
362,361,2023-06-27,AAPL,186.767085127622,184.07051577054278,184.28862175731683,186.43992614746094,50730800,2.3233037428129544
363,362,2023-06-28,AAPL,188.26405378835105,185.9838798047539,186.311023626698,187.61965942382812,51216800,3.2404101726360324
364,363,2023-06-29,AAPL,188.43260188630063,187.3123317121149,187.4511250421375,187.95672607421875,46347300,3.0660520823632575
365,364,2023-06-30,AAPL,192.8046122965116,189.61235036422667,189.9791732182635,192.29901123046875,85069600,4.279334889820197
366,365,2023-07-03,AAPL,192.20979786240994,190.1080506189076,192.11065327577057,190.80203247070312,31458200,4.077450976801722
367,366,2023-07-05,AAPL,191.31754248795588,188.97787243386384,189.91970062749374,189.6817626953125,46920300,3.416027716296477
368,367,2023-07-06,AAPL,190.36583614793244,187.57012195006965,188.20460802565435,190.1576385498047,45094300,4.267234040417023
369,368,2023-07-07,AAPL,191.01021583133178,188.60115666342472,189.76107572138073,189.037353515625,46778000,1.9679072447965185
370,369,2023-07-10,AAPL,188.35328491241106,185.42868638795846,187.62956280429208,186.98516845703125,59922200,1.033847682050415
371,370,2023-07-11,AAPL,187.66922322168514,184.9924861809626,187.53042989742065,186.45973205566406,46638100,1.516699486992712
372,371,2023-07-12,AAPL,190.04857465553215,186.84640410814296,188.04597194874682,188.1352081298828,60750200,0.9092912754540716
373,372,2023-07-13,AAPL,189.5429691298021,188.14511214362412,188.8589108119984,188.8985595703125,41342300,0.6816450634287596
374,373,2023-07-14,AAPL,189.53305615859267,187.99642086899894,188.59124304090398,189.0472869873047,41573900,0.5802191471750318
375,374,2023-07-17,AAPL,192.64600663390738,190.15761974766676,190.24684079775338,192.31884765625,50520200,0.0103154070602462
376,375,2023-07-18,AAPL,192.65593350366643,190.76238369122416,191.6843800124933,192.06109619140625,48353800,0.6598796167941456
377,376,2023-07-19,AAPL,196.52230675519328,190.99037488225764,191.4365103758755,193.41928100585938,80507300,1.9704152141133855
378,377,2023-07-20,AAPL,194.77748634801802,190.84168518874347,193.40936968617578,191.4662628173828,59581200,0.6881786488084574
379,378,2023-07-21,AAPL,193.29041080540085,189.5826239989074,192.42791035637276,190.28651428222656,71917800,0.6608010233799089
380,379,2023-07-24,AAPL,193.230919269526,190.5938306479448,191.7438412670713,191.0895233154297,45377800,2.195016263731953
381,380,2023-07-25,AAPL,192.76495429080137,191.25804444496833,191.6645160361698,191.95201110839844,37283200,2.94555773098224
382,381,2023-07-26,AAPL,193.95462630849192,191.6546201978147,192.0015959886147,192.82444763183594,47471900,2.492483755999464
383,382,2023-07-27,AAPL,195.50119046422063,190.89125457942112,194.33136299756583,191.55548095703125,47460200,1.4065334287156173
384,383,2023-07-28,AAPL,194.9361013981904,192.46754649179775,192.99297950413737,194.1429901123047,48291400,2.6954648258677105
385,384,2023-07-31,AAPL,194.79729327585247,193.5778785263088,194.37098975201062,194.75762939453125,38824100,1.2680929446084788
386,385,2023-08-01,AAPL,195.03524303340677,193.5977372471017,194.5494738750641,193.92489624023438,35175100,0.970420395273952
387,386,2023-08-02,AAPL,193.4985827896997,190.1972829299724,193.3597894476311,190.92098999023438,50389300,-1.2916452809838108
388,387,2023-08-03,AAPL,190.71277634396813,189.047256379482,189.91968024316816,189.5231170654297,61235200,-1.0148763146886397
389,388,2023-08-04,AAPL,185.76579240309633,180.35282171627148,183.92181504025928,180.42222595214844,115799700,-5.183913514463634
390,389,2023-08-07,AAPL,181.5524085909385,175.82220233279125,180.56102321579414,177.3092803955078,97576100,-7.2114068216994625
391,390,2023-08-08,AAPL,178.71703568412062,176.05020675575068,178.14203038384454,178.25108337402344,67823000,-7.137683869661493
392,391,2023-08-09,AAPL,179.3713391045639,175.48511045638642,179.31185840559957,176.6549530029297,60378500,-8.385604018313607
393,392,2023-08-10,AAPL,179.19292480298697,176.0700666042451,177.9338610126989,176.43687438964844,54686900,-7.892547105334014
394,393,2023-08-11,AAPL,177.32036168980022,175.26543082107975,176.02983256684112,176.49639892578125,51988100,-9.08948150861153
395,394,2023-08-14,AAPL,178.38260392804418,176.01991561712387,176.67511718788185,178.15428161621094,43675600,-8.525133433764488
396,395,2023-08-15,AAPL,178.1741339293912,175.76182141117968,177.5785085022154,176.15890502929688,43622600,-9.16127405783369
397,396,2023-08-16,AAPL,177.24096145960885,175.2158108770956,175.84123193317788,175.28530883789062,46964900,-8.189608252682701
398,397,2023-08-17,AAPL,176.2184341041098,172.21775754332145,175.85113106656488,172.73397827148438,66062900,-8.858623187454828
399,398,2023-08-18,AAPL,173.82599075554495,170.70883778094841,171.04636032936088,173.22042846679688,61114200,-3.9916354248182406
400,399,2023-08-21,AAPL,174.84849110751958,172.47588124297116,173.79620604217206,174.5605926513672,46311900,-1.5502221530702576
401,400,2023-08-22,AAPL,176.38721354501158,174.96762533098521,175.77172944077836,175.94049072265625,42084200,-1.296257283619917
402,401,2023-08-23,AAPL,180.2290643006026,177.032491470534,177.2211114741355,179.80218505859375,52722800,1.7815702317793836
403,402,2023-08-24,AAPL,179.78235426712118,174.72937670082027,179.35547499475715,175.09669494628906,54945800,-0.7595801319851603
404,403,2023-08-25,AAPL,177.84650437604776,174.54074667761984,176.08939374478845,177.31044006347656,51449600,0.4612225193544095
405,404,2023-08-28,AAPL,179.27605088665493,177.25090028258217,178.77968881089737,178.87896728515625,43820700,0.406774208495575
406,405,2023-08-29,AAPL,183.55468861261488,178.19398428109324,178.3925260808221,182.78036499023438,53003900,3.7587994542974017
407,406,2023-08-30,AAPL,186.48322490340712,183.39585240180426,183.59439418869403,186.28466796875,60813900,6.275117523415452
408,407,2023-08-31,AAPL,187.7439721096439,186.11590523348306,186.47328650618994,186.50306701660156,60794500,7.971268237379703
409,408,2023-09-01,AAPL,188.538141753245,186.91007498628073,188.11127770079705,188.0814971923828,45732600,8.579281818619066
410,409,2023-09-05,AAPL,188.59772472633045,186.24497340110617,186.91009674606673,188.31976318359375,45280000,7.882174506422768
411,410,2023-09-06,AAPL,187.4759302206488,180.1496223799182,187.02919231015284,181.5791473388672,81755800,3.2048658003912323
412,411,2023-09-07,AAPL,176.91336139268128,172.27732670257566,173.90539355501954,176.26808166503906,112488800,-1.965550859353016
413,412,2023-09-08,AAPL,178.92856896891382,176.496383189952,177.05232132224614,176.883544921875,65551300,1.0204932629562569
414,413,2023-09-11,AAPL,178.98814040153138,176.0496706936909,178.7598181226865,178.0549774169922,58953100,0.4199060998602677
415,414,2023-09-12,AAPL,178.81939272059032,173.5480302988034,178.18404991763566,175.0172576904297,90370200,-2.158839383598687
416,415,2023-09-13,AAPL,176.00997270905043,172.71412167424248,175.22571224634177,172.9424591064453,84267900,-5.382364721897059
417,416,2023-09-14,AAPL,174.81871550108795,172.3170465930817,172.73398888645488,174.46133422851562,60895800,-6.346917257955864
418,417,2023-09-15,AAPL,175.2157822233053,172.5552892315787,175.19592350235882,173.7366180419922,109205100,-6.845168381854528
419,418,2023-09-18,AAPL,178.0748391046168,174.88818834345716,175.1959303652364,176.6750946044922,67257600,-6.064606438252329
420,419,2023-09-19,AAPL,178.32302815377042,175.84121799808253,176.22837977645918,177.76710510253906,51826900,-5.603585042089742
421,420,2023-09-20,AAPL,178.3925098170354,174.1237933470795,177.95570880879336,174.21315002441406,58436200,-4.0566317346487635
422,421,2023-09-21,AAPL,175.01725608596104,172.59500693822505,173.27998896827123,172.66448974609375,63047900,-2.044381424535602
423,422,2023-09-22,AAPL,175.79158086544706,172.7836281326413,173.39911221131908,173.5182342529297,56725400,-1.9025572279386949
424,423,2023-09-25,AAPL,175.6823671360894,172.88287819083024,172.93251742028295,174.79884338378906,46172700,-1.8287239595540683
425,424,2023-09-26,AAPL,173.92526351342306,170.4110267791137,173.54803864674588,170.70884704589844,64588900,-2.4617061776570415
426,425,2023-09-27,AAPL,171.78095161168793,167.81999260813018,171.36400935593267,169.18994140625,66921800,-2.1698070673816794
427,426,2023-09-28,AAPL,170.77833634094375,166.4004191519846,168.1079059220852,169.44808959960938,56294400,-2.873556281725853
428,427,2023-09-29,AAPL,171.81077723148027,169.10062937476448,170.76841383641792,169.9643096923828,51814200,-2.17127994784474
429,428,2023-10-02,AAPL,173.03181060107437,169.6863201427267,169.97421860938772,172.48580932617188,52164500,-2.3711804358721444
430,429,2023-10-03,AAPL,172.36667607241205,169.5771240058018,171.0066338674304,171.14561462402344,49594600,-3.7248120087775782
431,430,2023-10-04,AAPL,172.9424550881848,169.72602386786275,169.84514590084152,172.39645385742188,53020300,-1.0428008257342247
432,431,2023-10-05,AAPL,174.17342391765436,171.42357417816774,172.5254984313363,173.63735961914062,48527900,0.5634452541327439
433,432,2023-10-06,AAPL,176.69497045530053,171.91995474415313,172.53545399514545,176.1986083984375,57224100,1.544721888767464
434,433,2023-10-09,AAPL,177.74724412480685,174.52089096334598,175.52353680032698,177.68768310546875,42390800,1.6526652383717089
435,434,2023-10-10,AAPL,178.41235043494368,176.65522479291874,176.80414247485348,177.09202575683594,43698000,3.739219625343293
436,435,2023-10-11,AAPL,178.54141474149296,176.30778577549145,176.90341107776567,178.4917755126953,47551100,5.497864724777135
437,436,2023-10-12,AAPL,181.01328664519204,177.73729448584749,178.7598141198784,179.39515686035156,56743100,5.870274066970138
438,437,2023-10-13,AAPL,180.60628286156256,176.84386529966793,180.09999903884182,177.5487060546875,51427100,4.462346463226097
439,438,2023-10-16,AAPL,177.7770284883398,175.22572035442593,175.46397958471027,177.41964721679688,52517000,2.860431191353885
440,439,2023-10-17,AAPL,177.12180184096675,173.5281460602699,175.36467624281698,175.8610382080078,57549400,2.755211457999285
441,440,2023-10-18,AAPL,176.28793794498117,173.83590833900334,174.30248985254676,174.5605926513672,54764400,1.2553267457201531
442,441,2023-10-19,AAPL,176.54605322348112,173.91534037415258,174.75914678442408,174.18338012695312,59302900,0.3144602688097464
443,442,2023-10-20,AAPL,174.14365914589465,171.38388737014972,174.03445888939677,171.6221466064453,64189300,-2.5973314055031893
444,443,2023-10-23,AAPL,172.7439178760632,168.69360166729962,169.66648220683237,171.74127197265625,55980100,-3.3465522364219957
445,444,2023-10-24,AAPL,172.40637709061713,170.2025285754243,171.79089305137515,172.1780548095703,43816600,-2.774812093466572
446,445,2023-10-25,AAPL,171.80083332633419,169.4083645680371,170.62942613878033,169.8551025390625,57157000,-4.83869519972282
447,446,2023-10-26,AAPL,170.13304109397222,164.46458048468762,169.13038017633548,165.6757049560547,70625300,-7.647615545706543
448,447,2023-10-27,AAPL,167.73066925493364,165.6161620916175,165.69558183671225,166.9960479736328,58499100,-5.94352857621182
449,448,2023-10-30,AAPL,169.92456632823416,167.6412980843576,167.79021577395145,169.05096435546875,51131000,-4.7168862031960135
450,449,2023-10-31,AAPL,169.6565401685357,166.67836791176023,168.11782995408234,169.52749633789062,44846000,-3.6014468779752673
451,450,2023-11-01,AAPL,172.9623111800798,168.88221462983017,169.75581666227828,172.70420837402344,56934900,-1.063461259581833
452,451,2023-11-02,AAPL,176.4864939793014,174.18338188289627,174.2429429068373,176.2780303955078,77334800,1.2025546105650209
453,452,2023-11-03,AAPL,175.53347673875106,172.08872301559984,172.97224682902157,175.3647003173828,79763700,2.180693916805332
454,453,2023-11-06,AAPL,178.1244756256995,174.92791800211177,175.09667927913767,177.92593383789062,63841300,3.601150611146675
455,454,2023-11-07,AAPL,181.11256960611928,177.66781610245852,177.87627966042598,180.49708557128906,70530000,4.831644062258467
456,455,2023-11-08,AAPL,182.1152186825965,180.26875139702054,181.02323134779837,181.55929565429688,49340300,6.890692678804089
457,456,2023-11-09,AAPL,182.78035920210118,180.4871689201494,181.62881074103257,181.0828094482422,53763500,9.299555717160946
458,457,2023-11-10,AAPL,185.45653538852346,182.4346699752206,182.87204642986097,185.28753662109375,66133400,10.953246420747044
459,458,2023-11-13,AAPL,184.9197527658604,183.1106225987718,184.71101456121173,183.6970977783203,43627500,8.663738464132443
460,459,2023-11-14,AAPL,186.987349680322,185.18815428767326,186.579792942837,186.32135009765625,60108400,9.906271326212046
461,460,2023-11-15,AAPL,188.3690371233907,186.65930111391893,186.72889062449767,186.88792419433594,53790500,8.212721597145457
462,461,2023-11-16,AAPL,189.82035984023278,187.52413314974999,188.43865594913416,188.57781982421875,54412900,6.9774942465118395
463,462,2023-11-17,AAPL,189.24380683321974,187.44461143684416,189.11457782649978,188.55792236328125,50922700,7.52330544403792
464,463,2023-11-20,AAPL,190.76466491067268,188.7467813740569,188.75671623264228,190.30740356445312,46505100,6.958777430300489
465,464,2023-11-21,AAPL,190.37701130719432,188.60763557529475,190.26766718139268,189.50225830078125,38134500,4.989095918634945
466,465,2023-11-22,AAPL,191.77858564632436,189.69112755602794,190.3471923134316,190.1682586669922,39617700,4.7416812131103825
467,466,2023-11-24,AAPL,189.76066973573458,188.12052328802685,189.73084999433786,188.8362274169922,24048300,4.281697413672014
468,467,2023-11-27,AAPL,189.53205575999598,187.77261509452617,188.78653185384877,188.6573028564453,40552600,1.81866859304336
469,468,2023-11-28,AAPL,189.9396214691522,188.26963995303524,188.64737693705334,189.263671875,38415400,3.030300513183537
470,469,2023-11-29,AAPL,190.9435904601538,187.84221568139642,189.76069003248776,188.2398223876953,43014200,1.0296577869543857
471,470,2023-11-30,AAPL,189.1841625986753,187.06686975200412,188.70701635554832,188.8163604736328,48794400,1.031867782581597
472,471,2023-12-01,AAPL,190.41676093068807,188.1006646303825,189.19410585978827,190.0986785888672,45679300,0.8064886772294333
473,472,2023-12-04,AAPL,188.91576382150808,186.33127483914026,188.84617430866663,188.29945373535156,43389500,-0.1370765145745078
474,473,2023-12-05,AAPL,193.23980256929687,189.0449865799245,189.07482149235318,192.26565551757812,66628400,1.02899409925572
475,474,2023-12-06,AAPL,193.5976510937421,190.9634725753497,193.28950362567244,191.17222595214844,41089700,0.8812389183861846
476,475,2023-12-07,AAPL,193.83623479668313,192.43464607405332,192.4744158469115,193.110595703125,47477700,1.5472282581527883
477,476,2023-12-08,AAPL,194.8203199094653,192.5141585929263,193.04099429291227,194.5419921875,53377300,3.0215413898881938
478,477,2023-12-11,AAPL,192.33526227849603,190.2776087030193,191.95752525473316,192.027099609375,60943700,1.7862000049337468
479,478,2023-12-12,AAPL,193.5578932326663,190.57579752571402,191.92768151957463,193.54795837402344,52696900,2.26366024529685
480,479,2023-12-13,AAPL,196.8183190559037,193.68712459255818,193.925682544677,196.778564453125,70404200,4.536097599924127
481,480,2023-12-14,AAPL,198.4286561477334,194.9893140401918,196.83821410318075,196.92767333984375,66831600,4.295873962332641
482,481,2023-12-15,AAPL,197.21594815206504,195.82430938091503,196.3511451419736,196.3909149169922,128256700,3.309984253879761
483,482,2023-12-18,AAPL,195.45649052996882,193.2298536912898,194.9197048287757,194.7209014892578,55751900,3.4102317486971456
484,483,2023-12-19,AAPL,195.77459855586707,194.72092706706565,194.98931995291727,195.76466369628906,40714100,1.8198820633313904
485,484,2023-12-20,AAPL,196.50021813416774,193.667236328125,195.72487446786357,193.667236328125,52242800,1.3051113275215354
486,485,2023-12-21,AAPL,195.90379770975298,192.34516188676014,194.9296507492267,193.5181121826172,46482500,0.2110275088782254
487,486,2023-12-22,AAPL,194.24379077463595,191.8183503425399,194.01515250091973,192.44459533691406,37122800,-1.0781203723689958
488,487,2023-12-26,AAPL,192.73285613100865,191.67918468017166,192.45452839560733,191.8978729248047,28919300,-0.0672960664579003
489,488,2023-12-27,AAPL,192.34518593287333,189.94956524818429,191.34121910492223,191.9972686767578,48087700,-0.8011914516137586
490,489,2023-12-28,AAPL,193.49825415286705,192.01714115491455,192.98135331561093,192.42469787597656,34049900,-2.2125715721366457
491,490,2023-12-29,AAPL,193.23980104114617,190.58573760932344,192.7427850763616,191.38096618652344,42628800,-2.8166214830295577
492,491,2024-01-02,AAPL,187.31538170646215,182.79253333369908,186.03307200647276,184.53208923339844,82488700,-6.038377940550898
493,492,2024-01-03,AAPL,184.77066759112085,182.3352771284137,183.1205708792931,183.150390625,58414500,-5.942100090829805
494,493,2024-01-04,AAPL,181.99730650228184,179.80050438167336,181.06291404030495,180.82435607910156,71983600,-7.631769357704932
495,494,2024-01-05,AAPL,181.6692660827433,179.09472708075188,180.90387243418792,180.09869384765625,62303300,-7.006111481593069
496,495,2024-01-08,AAPL,184.49233019548157,180.41679326133186,181.0032684531674,184.4525604248047,59144500,-4.684601175345082
497,496,2024-01-09,AAPL,184.04499955584959,181.63944418662982,182.82234457021028,184.03506469726562,42841800,-4.369845058483357
498,497,2024-01-10,AAPL,185.2875498615879,182.82235486658107,183.24979649333252,185.0788116455078,46792900,-3.5534845568449436
499,498,2024-01-11,AAPL,185.93365396302406,182.52411695157394,185.4266880302128,184.48236083984375,49128400,-3.9140701785534193
500,499,2024-01-12,AAPL,185.6255229866903,184.08477050382692,184.9495734055796,184.81040954589844,40444700,-3.95702236465808
501,500,2024-01-16,AAPL,183.16031793652851,179.85018978995151,181.07285998444632,182.53408813476562,65603000,-4.622653040185554
502,501,2024-01-17,AAPL,181.83826018866833,179.2239664331644,180.18817865322478,181.58975219726562,47317400,-1.5944852997417214
503,502,2024-01-18,AAPL,188.01120805146246,184.72096462518135,184.97940747954695,187.50425720214844,78005800,2.377208458191582
504,503,2024-01-19,AAPL,190.80441988057507,187.69311035236996,188.2000611602168,190.416748046875,68741000,5.304811904640361
505,504,2024-01-22,AAPL,194.16425751836653,191.11257223144145,191.15234200232317,192.73284912109375,60133900,7.015128762746392
506,505,2024-01-23,AAPL,194.58175747905844,192.67321792314553,193.8561183903394,194.01515197753906,42355600,5.184309467275039
507,506,2024-01-24,AAPL,195.20798769039715,193.18015413797895,194.25371040083746,193.33920288085938,53631300,5.055633391875025
508,507,2024-01-25,AAPL,195.0986578845498,191.95751323703675,194.0549212884663,193.0111846923828,54822100,4.28594336453183
509,508,2024-01-26,AAPL,193.59765277461963,190.79449062577763,193.11058683739938,191.27162170410156,44594000,3.6801680298051975
510,509,2024-01-29,AAPL,191.05293535979936,188.44857653714126,190.8640668648328,190.5857391357422,47145600,3.12500232212809
511,510,2024-01-30,AAPL,190.65532484477694,186.35116482109103,189.80045678886228,186.91775512695312,55859400,2.4015607369463066
512,511,2024-01-31,AAPL,185.98336715144941,183.24977953529768,185.92371249893742,183.29946899414062,55467800,0.9415271380610156
513,512,2024-02-01,AAPL,185.83427124755644,182.72296153753896,182.8919451500293,185.74481201171875,64885400,-0.9383494629312984
514,513,2024-02-02,AAPL,186.21200777158808,178.18022776276848,178.78658786144558,184.7408447265625,102518000,-2.9807794632199403
515,514,2024-02-05,AAPL,188.120543422021,184.73089088840356,187.02710222804,186.55990600585938,69668800,-3.2028495108044175
516,515,2024-02-06,AAPL,188.180177168222,185.65534280788862,185.74480203892318,188.1702423095703,43490800,-3.012604741636571
517,516,2024-02-07,AAPL,189.9098139006124,187.48437342868021,189.5022571462235,188.27960205078125,53439000,-2.6169554620518287
518,517,2024-02-08,AAPL,188.40881099372643,186.23189374257132,188.25971226684047,187.19610595703125,40962000,-3.012819565156033
519,518,2024-02-09,AAPL,189.0971204380579,187.11646725876852,187.76340641648085,187.9624786376953,45155200,-1.7300752913181894
520,519,2024-02-12,AAPL,187.78332288230948,185.91215328801408,187.53449778464588,186.2704620361328,41781900,-2.2642182564015845
521,520,2024-02-13,AAPL,185.33487911795885,182.64755610649428,184.89694454758455,184.1703643798828,56529500,-1.4698393660914189
522,521,2024-02-14,AAPL,184.65806518525375,181.58259087415234,184.44906062504626,183.2845458984375,54630500,-0.0081413742140212
523,522,2024-02-15,AAPL,183.62296999377594,180.4977274519665,182.68738521978767,182.9959259033203,65434500,-1.4799261840083069
524,523,2024-02-16,AAPL,183.981257173353,180.81619448303394,182.5579699194549,181.45318603515625,49701400,-1.7796057478639105
525,524,2024-02-20,AAPL,181.5726325042779,179.15405998428736,180.93564089848354,180.70672607421875,53665600,-3.1374265011994584
526,525,2024-02-21,AAPL,182.03049388623003,179.81097819372195,181.08496152111414,181.4631805419922,41529700,-3.564358362542752
527,526,2024-02-22,AAPL,184.09077884972692,181.60252771208349,182.6177232415446,183.5035400390625,52292200,-2.536685843658515
528,527,2024-02-23,AAPL,184.17036202409395,181.37357059288817,184.1405042298665,181.66221618652344,45119700,-2.9561991913325647
529,528,2024-02-26,AAPL,181.90109579673225,179.80101134340092,181.38355052297356,180.30862426757812,40867400,-4.072011832143518
530,529,2024-02-27,AAPL,183.05562869813585,178.71611879819,180.24888975946536,181.77169799804688,54318900,-2.4151784394099263
531,530,2024-02-28,AAPL,182.25939032452453,179.28345207788615,181.6522565198894,180.5673828125,48953900,-1.9563308024688753
532,531,2024-02-29,AAPL,181.71198177710176,178.6862603817135,180.41808835882694,179.90052795410156,136682600,-1.8463192997248743
533,532,2024-03-01,AAPL,179.6815803178056,176.54639012704013,178.7061901764464,178.815673828125,73488000,-2.2843416073666023
534,533,2024-03-04,AAPL,176.0686126971914,172.97322823226915,175.32213749041347,174.27708435058594,81510100,-3.954795085923679
535,534,2024-03-05,AAPL,171.2314705105848,168.82284541599856,169.95748724050745,169.32049560546875,95132400,-6.300944472909942
536,535,2024-03-06,AAPL,170.43522699407845,167.88724549652,170.256065044738,168.32518005371094,68587700,-7.240036490620749
537,536,2024-03-07,AAPL,169.92763018116116,167.6981670423948,168.35505375316498,168.2057647705078,71765100,-8.336501445856703
538,537,2024-03-08,AAPL,172.8836708711805,168.14604658720506,168.20576217934803,169.92762756347656,76114600,-6.459564828273523
539,538,2024-03-11,AAPL,173.56048535052068,171.2414336396481,172.12725037151972,171.93814086914062,60139500,-4.6423089480266295
540,539,2024-03-12,AAPL,173.2121062975323,170.20629520329734,172.3362371923594,172.41586303710938,59825400,-5.1470251221606755
541,540,2024-03-13,AAPL,172.37606081011293,169.95747319192603,171.95803650796105,170.32574462890625,52488700,-5.67192037901364
542,541,2024-03-14,AAPL,173.49080701178275,171.2414336176872,172.0973925529764,172.1869659423828,72913500,-4.287681698014101
543,542,2024-03-15,AAPL,171.80874633789062,169.48969463541124,170.3655638276482,171.80874633789062,121664700,-3.9185197473065703
544,543,2024-03-18,AAPL,176.87483361469177,172.70452267737835,174.7448914522954,172.90357971191406,75604200,-0.7881154563665116
545,544,2024-03-19,AAPL,175.77997984762692,172.21680308785983,173.52064400091257,175.25247192382812,55215200,3.503401225674052
546,545,2024-03-20,AAPL,177.83030700683594,174.2671300256647,174.89417408943874,177.83030700683594,53423100,5.646883579801898
547,546,2024-03-21,AAPL,176.65586961417029,170.03711298613993,176.2179350177799,170.5646209716797,106181300,1.4023634709489308
548,547,2024-03-22,AAPL,172.23673773536032,169.26078406375387,170.95279171103329,171.47035217285156,71106600,0.9078715636153588
549,548,2024-03-25,AAPL,171.13194711675717,168.65364374159117,169.76839047714014,170.0470733642578,54288300,-1.0998534096760215
550,549,2024-03-26,AAPL,170.61438491064948,168.78303590364706,169.20106023000122,168.9124298095703,57388400,-2.0319668769601673
551,550,2024-03-27,AAPL,172.78415954350993,169.31055559917013,169.60914876354798,172.49551391601562,60273300,1.2738939094830926
552,551,2024-03-28,AAPL,171.4205780589011,169.70866021166748,170.94283813483634,170.67410278320312,65672700,-0.8786165380752053
553,552,2024-04-01,AAPL,170.4451788535061,168.68349304450714,170.38546326457012,169.2309112548828,46240500,-1.5004096927277888
554,553,2024-04-02,AAPL,168.54414366405445,167.43935975957754,168.28537106183597,168.04649353027344,49329500,-2.8091299149117344
555,554,2024-04-03,AAPL,169.8778497555363,167.78772821512752,167.99673277562965,168.85269165039062,47691700,-3.651748932944643
556,555,2024-04-04,AAPL,171.11203328162168,168.026611328125,169.48968886138192,168.026611328125,53704400,-5.512949869863338
557,556,2024-04-05,AAPL,169.5892261323792,168.15599119757314,168.79298281447828,168.7830352783203,42055200,-1.0445224122153651
558,557,2024-04-08,AAPL,168.40481571452685,167.4493358859462,168.23561647794648,167.65834045410156,37425500,-2.2231316787098443
559,558,2024-04-09,AAPL,169.2806811483862,167.55881583801002,167.90716183961618,168.8726043701172,42451200,-0.6906728654040406
560,559,2024-04-10,AAPL,168.29532657810816,166.3246362072623,168.0066961691415,166.99148559570312,49709300,-1.1372426623859733
561,560,2024-04-11,AAPL,174.63541624491384,167.36972023014152,167.5488670137579,174.21737670898438,91070300,0.9982072889194616
562,561,2024-04-12,AAPL,177.52176704196785,173.39127675717174,173.44102962389059,175.72027587890625,101593300,2.956613225682503
563,562,2024-04-15,AAPL,175.7998881273465,171.68929323241036,174.53585255667426,171.87840270996094,73531800,1.5644254559917137
564,563,2024-04-16,AAPL,172.94338974194338,167.47920033817573,170.94284143183614,168.583984375,73711200,0.3198465099955916
565,564,2024-04-17,AAPL,169.84800441976404,167.21046447753906,168.81289870293196,167.21046447753906,50901200,-0.9725798012458098
566,565,2024-04-18,AAPL,167.8474456964944,165.7672716683895,167.24031189258443,166.2549591064453,43122900,-1.0543878780129523
567,566,2024-04-19,AAPL,165.6179780634261,163.3088890664717,165.42888374733738,164.2245635986328,67772100,-2.7007878322431234
568,567,2024-04-22,AAPL,166.4739172082034,163.99562926284756,164.74210446317437,165.0605926513672,48116400,-1.5494295098582025
569,568,2024-04-23,AAPL,166.26492000363532,164.14492548116624,164.57291251221173,166.11561584472656,49537800,-1.6325848326162795
570,569,2024-04-24,AAPL,168.50434510258808,165.42887079721268,165.75730653407012,168.2256622314453,48251800,0.7390656064526491
571,570,2024-04-25,AAPL,169.80820075027214,167.3597550998357,168.73327450279362,169.09158325195312,50558300,-2.942182665046933
572,571,2024-04-26,AAPL,170.53475474394267,168.38490238817732,169.081624768213,168.5043487548828,44838400,-4.106485200942966
573,572,2024-04-29,AAPL,175.20270935632288,172.28648678772151,172.55520693212748,172.68460083007812,68169400,0.4690514383459909
574,573,2024-04-30,AAPL,174.1676137755898,169.20105955998108,172.51541154910535,169.52951049804688,65934800,0.5608635521056504
575,574,2024-05-01,AAPL,171.89832652202932,168.31523926242042,168.78303163206596,168.5043487548828,50383100,0.7738058029959971
576,575,2024-05-02,AAPL,172.6049939419865,170.08688513916925,171.69926693100732,172.21682739257812,94214900,3.5859792202142415
577,576,2024-05-03,AAPL,186.12115543095717,181.80155578938326,185.7727942523785,182.51817321777344,163224100,11.139386957879506
578,577,2024-05-06,AAPL,183.3343214775735,179.5720873686165,181.4930249418685,180.8560333251953,78569700,9.56948016489343
579,578,2024-05-07,AAPL,184.0310366275269,180.46787458450643,182.58785409480518,181.54278564453125,77305800,9.287007558774562
580,579,2024-05-08,AAPL,182.20963072654146,180.5972339353124,181.9906634485607,181.8811798095703,45057100,8.117380783044691
581,580,2024-05-09,AAPL,183.792179594264,181.2541604804327,181.70204263297254,183.70260620117188,48983000,8.640893099597836
582,581,2024-05-10,AAPL,184.47000383075684,181.51992740382525,184.28063783698332,182.4368438720703,50759500,8.26832970195599
583,582,2024-05-13,AAPL,186.47326635748277,184.0015628078464,184.8188233059542,185.656005859375,72044800,7.511616534968724
584,583,2024-05-14,AAPL,187.66926595480425,185.6659889969534,186.8819036535792,186.8021697998047,52393600,10.188585604366974
585,584,2024-05-15,AAPL,190.0113806876588,186.74236879853999,187.28056849688068,189.08450317382812,70400000,12.213426283070316
586,585,2024-05-16,AAPL,190.45989075478766,189.02471179656044,189.83199615864385,189.2041015625,52845200,9.863887534752005
587,586,2024-05-17,AAPL,190.17084727488813,188.54630236847427,188.87519880271202,189.23399353027344,41282900,3.6795351356530226
588,587,2024-05-20,AAPL,191.27714266640717,188.37688635675946,188.69582178398366,190.40008544921875,44361300,5.277154402066531
589,588,2024-05-21,AAPL,192.08442053272114,190.28048580582154,190.44991454290118,191.70570373535156,42309400,5.59808425035393
590,589,2024-05-22,AAPL,192.17412585880137,189.63266445026173,191.625965130265,190.2605438232422,34648500,4.607053914234038
591,590,2024-05-23,AAPL,190.36020743395642,186.0048504863481,190.34027016979292,186.25401306152344,51005900,1.3888789675403634
592,591,2024-05-24,AAPL,189.94162421863646,187.41012383078694,188.1875250894915,189.3436279296875,36294600,3.785849344368408
593,592,2024-05-28,AAPL,192.35350378297326,188.46657377923762,190.86848939299406,189.3535919189453,52280100,1.9916328817130011
594,593,2024-05-29,AAPL,191.6060292626522,188.8752018363686,188.97487295416659,189.652587890625,53068000,1.5259020245188326
595,594,2024-05-30,AAPL,191.53626445370173,189.99146851693155,190.12102272627732,190.6492462158203,49947900,0.8275363743340147
596,595,2024-05-31,AAPL,191.92495345858123,189.2738600399137,190.79873376551856,191.60601806640625,75158300,1.269484373790286
597,596,2024-06-03,AAPL,194.33685694398167,191.8751293663799,192.25384615761888,193.38006591796875,50080500,2.190976531408473
598,597,2024-06-04,AAPL,194.66574186569684,192.38340418619828,193.98801176077237,193.69898986816406,47471400,1.732617089515509
599,598,2024-06-05,AAPL,196.24044634116564,194.2172473626493,194.74547082752238,195.21389770507812,54156800,1.8299893541871892
600,599,2024-06-06,AAPL,195.84180559150522,193.51960831096955,195.0345211925245,193.8285675048828,41181800,1.875335584531612
601,600,2024-06-07,AAPL,196.28030430445062,193.48968053965237,193.99796669662618,196.23046875,53103900,5.356370863902482
602,601,2024-06-10,AAPL,196.63910486677477,191.50634675889475,196.2404356269631,192.4730987548828,97262100,1.6527996528921785
603,602,2024-06-11,AAPL,206.46609195915696,192.9814138224934,193.00133588013964,206.45611572265625,172373300,9.032056709561576
604,603,2024-06-12,AAPL,219.46241499269527,206.20696163392407,206.67538853844061,212.35630798339844,198134300,11.971215550123128
605,604,2024-06-13,AAPL,216.02395620562416,210.89121315624297,214.02069454325613,213.52236938476562,97862700,11.997489433056716
606,605,2024-06-14,AAPL,214.44924427717243,210.59221246372425,213.13367378271622,211.77822875976562,70122700,10.527963002899089
607,606,2024-06-17,AAPL,218.21659070332575,212.0074632920053,212.65527993528355,215.94422912597656,93728300,11.66829843649937
608,607,2024-06-18,AAPL,217.89766325641614,212.28651711595563,216.86113841241473,213.5721893310547,79943300,10.259836396884037
609,608,2024-06-20,AAPL,213.5223688231627,208.1504242370716,213.21339445126264,208.97763061523438,86172500,7.050590696647019
610,609,2024-06-21,AAPL,211.18023828891836,206.41625091745033,209.6852627905662,206.79498291015625,246421400,6.689630724813966
611,610,2024-06-24,AAPL,211.9875333707341,205.89799892378585,207.02421872275744,207.44281005859375,80727000,5.713863591121737
612,611,2024-06-25,AAPL,210.67194975002218,207.91122410230182,208.44940858434205,208.36968994140625,56713900,8.259123633047526
613,612,2024-06-26,AAPL,214.1402980033581,209.9344322470105,210.79155216910215,212.5356903076172,66213200,2.944729713469929
614,613,2024-06-27,AAPL,215.01736433595826,211.63872006367095,213.97087836680484,213.3828582763672,49772700,0.4834093711259202
615,614,2024-06-28,AAPL,215.34623061165473,209.5955543096767,215.0472324898511,209.9144744873047,82542700,-1.6897034759667418
616,615,2024-07-01,AAPL,216.78140506529675,211.2101334408119,211.37956216985054,216.02395629882812,60402900,2.004798870935276
617,616,2024-07-02,AAPL,219.64179766849512,214.3794853085834,215.42595595595571,219.53216552734375,58046200,1.6615106668463442
618,617,2024-07-03,AAPL,220.80789184570312,218.29632866276663,219.26308073535034,220.80789184570312,37369800,3.3879422865457975
619,618,2024-07-05,AAPL,225.69146503075916,220.90754038733803,220.90754038733803,225.5818328857422,60412400,7.945444793121981
620,619,2024-07-08,AAPL,227.08678305881674,222.50218547217585,226.32931907748747,227.056884765625,59085900,9.798062588526
621,620,2024-07-09,AAPL,228.631575647805,225.6117264169712,227.1664984715379,227.9139862060547,48076100,9.868346915315463
622,621,2024-07-10,AAPL,232.29927134034506,228.48209857735924,228.5319341376685,232.19960021972656,62627700,11.436361154552422
623,622,2024-07-11,AAPL,231.61157070495582,225.01375035477759,230.61492037011672,226.80772399902344,64710600,6.7151233144651545
624,623,2024-07-12,AAPL,231.86073301422448,227.91399100155513,228.1531925563972,229.76776123046875,53046500,7.678640677350157
625,624,2024-07-15,AAPL,236.43535998230433,232.3092281117703,235.68787221439834,233.61483764648438,62631300,11.290485430823892
626,625,2024-07-16,AAPL,235.47857190808813,231.55176727169922,234.2128217621178,234.03343200683594,43234300,8.33679561126781
627,626,2024-07-17,AAPL,230.68468664215072,225.88082486496336,228.68140979310064,228.1133270263672,57345900,3.9088401822167778
628,627,2024-07-18,AAPL,229.66811832325195,221.52548646122014,229.50865061099643,223.4290771484375,66034600,1.1870885958034538
629,628,2024-07-19,AAPL,226.04028896611686,222.5320756847993,224.06692564873424,223.55862426757812,49151500,-0.8968845550558213
630,629,2024-07-22,AAPL,227.01700459563804,222.34271224556252,226.24957960487185,223.20980834960938,48201800,-1.6943227332598565
631,630,2024-07-23,AAPL,226.17982967750157,221.93408951337017,223.61843101438217,224.25628662109375,39960300,-1.6048596428189563
632,631,2024-07-24,AAPL,224.04700927387208,216.40270265661363,223.24968592545983,217.80796813964844,61777600,-6.1979573033112745
633,632,2024-07-25,AAPL,220.11023564894725,213.9010930254534,218.19665359620475,216.76148986816406,51391200,-4.429405645330942
634,633,2024-07-26,AAPL,218.75477790382115,215.2864239407029,217.96741565742542,217.2299041748047,41601300,-5.456752065007042
635,634,2024-07-29,AAPL,218.5654190781,215.0273073866339,216.23326096996,217.50897216796875,36311800,-6.894196293682208
636,635,2024-07-30,AAPL,219.59196666736065,215.3960621319004,218.45578591171193,218.0670928955078,41643800,-6.822247135555304
637,636,2024-07-31,AAPL,223.07028238181744,219.89096542123676,220.6982497488722,221.3361053466797,50036300,-2.9709889238098475
638,637,2024-08-01,AAPL,223.72806581879624,216.29306274041448,223.61843367222977,217.62857055664062,62501000,-2.5961287876345884
639,638,2024-08-02,AAPL,224.84432899946665,216.98075820790513,218.41592196270943,219.12355041503906,105568600,-1.983852721884127
640,639,2024-08-05,AAPL,212.7848420736874,195.34346157584417,198.42310739676375,208.5690155029297,119548600,-6.559206763776293
641,640,2024-08-06,AAPL,209.28662299148326,200.39650324752455,204.612330181792,206.53585815429688,69660500,-7.901864752062682
642,641,2024-08-07,AAPL,212.9243839975228,205.69866882998738,206.2069550428707,209.1171875,63516400,-3.990111433423915
643,642,2024-08-08,AAPL,213.4824924067945,208.13048513245963,212.39614722358988,212.59547424316406,47161100,-1.921935315878209
644,643,2024-08-09,AAPL,216.05387055494424,211.259984607228,211.38955402452135,215.51568603515625,42201600,-0.7891262237398999
645,644,2024-08-12,AAPL,219.02793942662467,215.12653755613,215.59550663031672,217.0522918701172,38028100,-0.209959291931594
646,645,2024-08-13,AAPL,221.40270642093424,218.52902632127157,218.52902632127157,220.78407287597656,44155300,1.2459376352445206
647,646,2024-08-14,AAPL,222.54021400164925,219.21752501736546,220.08562480803565,221.23309326171875,41960600,-0.0465410217639794
648,647,2024-08-15,AAPL,224.8551228159093,222.27079905335071,224.10676986474735,224.22650146484375,46414000,3.031739303036929
649,648,2024-08-16,AAPL,226.33187474025672,223.15885022096822,223.42826155403992,225.5535888671875,44340200,2.934435134867708
650,649,2024-08-19,AAPL,225.4937226434457,222.5501887780633,225.2243113108782,225.39393615722656,40687800,8.066836108770215
651,650,2024-08-20,AAPL,226.6711275207631,224.95490346311303,225.27420804373648,226.0125732421875,30299000,9.430185761418786
652,651,2024-08-21,AAPL,227.47933353511345,224.5557753561492,226.02254833732334,225.90280151367188,34765500,8.026893539619673
653,652,2024-08-22,AAPL,227.8385569948794,223.4083048904395,227.28976176117078,224.03692626953125,43695300,5.381794728744138
654,653,2024-08-23,AAPL,227.7188169640382,223.83736023691762,225.16444130741013,226.3418426513672,38677300,5.02337292258388
655,654,2024-08-26,AAPL,226.7808777924977,223.39832305195915,226.2620154817008,226.68109130859375,30602200,4.436165753199406
656,655,2024-08-27,AAPL,228.3474270817302,224.39611696496783,225.5036798955901,227.5292205810547,35934600,3.055087994896777
657,656,2024-08-28,AAPL,229.35520907583674,225.18438078371824,227.4194670399241,225.99261474609375,38052200,2.151360546563663
658,657,2024-08-29,AAPL,232.4085012026452,228.37737982242845,229.59470189609323,229.28536987304688,51906300,2.2561420595487824
659,658,2024-08-30,AAPL,229.89402024722435,226.98043458769098,229.6844899472923,228.49710083007812,52990800,1.305016682587068
660,659,2024-09-03,AAPL,228.49709095305272,220.68428466242796,228.04808224732741,222.28077697753906,50190600,-1.3812080452403452
661,660,2024-09-04,AAPL,221.29295584608857,217.0023958735564,221.17322424578342,220.36500549316406,43840200,-2.498784765824369
662,661,2024-09-05,AAPL,224.98481497811864,221.03352013282222,221.14327916881817,221.89163208007812,36615400,-1.7756173923991758
663,662,2024-09-06,AAPL,224.74537478911404,219.28738577978086,223.4581991238727,220.3350830078125,48423000,-1.652336212319383
664,663,2024-09-09,AAPL,220.7840757397734,216.23409233980902,220.33506702469683,220.42486572265625,67180000,-2.6141772371380823
665,664,2024-09-10,AAPL,220.99361925876318,216.25405039598212,218.4392435287618,219.6266326904297,51591000,-3.1120631092076523
666,665,2024-09-11,AAPL,222.6000688776049,217.4114916314568,220.9736588702828,222.1710205078125,44587100,-2.354950304650383
667,666,2024-09-12,AAPL,223.059062794204,219.33725854525207,222.01136566399225,222.28077697753906,37498200,-1.6424597647692996
668,667,2024-09-13,AAPL,223.5479944694599,221.42268236911949,223.08901316997165,222.01138305664062,36766600,-3.1724600747242593
669,668,2024-09-16,AAPL,216.74297289953918,213.4502168549942,216.0644583037111,215.84495544433594,59357400,-5.53711418647318
670,669,2024-09-17,AAPL,216.42366284814068,214.02893954474482,215.27619443719672,216.31390380859375,45519300,-2.6843856000864363
671,670,2024-09-18,AAPL,222.22092099435915,217.06226125375574,217.07224903728172,220.20535278320312,59894900,-0.072449211980663
672,671,2024-09-19,AAPL,229.31531179988679,224.1367068474718,224.49591687958383,228.3673858642578,66781300,2.918430822953555
673,672,2024-09-20,AAPL,232.57811312113958,227.12012443578536,229.46496974860833,227.6988525390625,318679900,3.3420776349941894
674,673,2024-09-23,AAPL,228.94610768522742,225.31410200503296,226.8407407931877,225.97265625,54146000,2.5168623826334224
675,674,2024-09-24,AAPL,228.8463445678705,225.2342838755063,228.14786961487798,226.8706817626953,43556100,3.2983472830803384
676,675,2024-09-25,AAPL,226.79085685048213,223.52804884217394,224.43603888049125,225.8728790283203,42308700,1.6662202442274232
677,676,2024-09-26,AAPL,227.99819881641105,224.9149883158055,226.80083714120576,227.02035522460938,36636700,2.132248371414147
678,677,2024-09-27,AAPL,229.01596089620384,226.80083496693393,227.9582911728241,227.2897491455078,34026000,2.377520474939132
679,678,2024-09-30,AAPL,232.4883270263672,229.14567760776433,229.53482055042815,232.4883270263672,54541900,7.71079942441526
680,679,2024-10-01,AAPL,229.14567442683443,223.24866456606327,229.01597026460064,225.71324157714844,63285000,4.345230520582599
681,680,2024-10-02,AAPL,226.8706831083472,222.5302449869956,225.39393750024195,226.281982421875,32880600,2.7595285772432865
682,681,2024-10-03,AAPL,226.3119038145279,222.82957789090332,224.64557310138042,225.17440795898438,34044200,-1.3981759668481477
683,682,2024-10-04,AAPL,227.49930262356304,223.63780617480538,227.39951613756347,226.30194091796875,37245100,-0.6134908478970469
684,683,2024-10-07,AAPL,225.1943712346882,220.84394549402703,224.0069821228032,221.20315551757812,39505400,-2.1106539222804144
685,684,2024-10-08,AAPL,225.4837307412941,222.75973024040246,223.80742742544692,225.27420043945312,31855700,-0.703696621722194
686,685,2024-10-09,AAPL,229.24546472466872,224.33627096325682,224.73538646570117,229.03591918945312,33591100,1.400362971747593
687,686,2024-10-10,AAPL,228.99601435408132,226.67112924406288,227.27979028338342,228.53701782226562,28183500,0.6680733963946528
688,687,2024-10-11,AAPL,228.9062089337624,226.84074743911052,228.79644988971887,227.05029296875,31759200,-0.1053528272427772
689,688,2024-10-14,AAPL,231.22110160659443,228.09798564307096,228.19775690140833,230.79205322265625,39882100,-0.7296167620142735
690,689,2024-10-15,AAPL,236.9684620133565,231.85969551276995,233.0969778733182,233.33645629882812,64751400,3.37738923441675
691,690,2024-10-16,AAPL,231.61024577942743,229.33525401328018,231.09139869260778,231.27099609375,34082200,2.204777251143919
692,691,2024-10-17,AAPL,233.3364614020046,230.0137723986246,232.9173703418766,231.6401824951172,32993800,2.8714517758654745
693,692,2024-10-18,AAPL,235.66131853389138,233.4960858911256,235.66131853389138,234.48391723632812,46431500,3.6155130995209728
694,693,2024-10-21,AAPL,236.32987592195377,233.9351372634737,233.9351372634737,235.96067810058594,36254500,6.671479232960165
695,694,2024-10-22,AAPL,235.70125104779564,232.08920560922664,233.376366009758,235.342041015625,38846600,4.469149399501604
696,695,2024-10-23,AAPL,234.62362105235994,227.25982300232985,233.56595129753524,230.25323486328125,52287000,0.5314955305421698
697,696,2024-10-24,AAPL,230.3131259260407,227.90841463888628,229.47495899723685,230.0636749267578,31109500,0.6680130505944959
698,697,2024-10-25,AAPL,232.7078323586645,229.0658541264054,229.23547896644118,230.9018096923828,38802300,1.6963275727474691
699,698,2024-10-28,AAPL,234.21451699403664,232.03931169048735,232.80762499530724,232.88743591308594,36087100,0.907909376068572
700,699,2024-10-29,AAPL,233.815399347975,231.8098189074392,232.58810476348472,233.15684509277344,35417200,-0.0769752009195934
701,700,2024-10-30,AAPL,232.95727501758805,229.04588560251634,232.09916306464564,229.5946807861328,47070900,-0.7248272960858726
702,701,2024-10-31,AAPL,229.325284321648,224.8750719925984,228.83635490362704,225.4138946533203,64370100,-2.6879135453660385
703,702,2024-11-01,AAPL,224.8551151455125,219.78626950218685,220.48472918772245,222.42047119140625,65276700,-5.14467951026405
704,703,2024-11-04,AAPL,222.3007315284092,219.2275088130919,220.5046966292777,221.52244567871094,44944500,-6.118914616663473
705,704,2024-11-05,AAPL,223.45819152571042,220.65436486265338,221.31291912362707,222.95928955078125,28111300,-5.261597720239719
706,705,2024-11-06,AAPL,225.5735453041769,220.7042571772517,222.12113695305962,222.23089599609375,54561100,-3.484137311665114
707,706,2024-11-07,AAPL,227.37956894750107,224.0768403097807,224.13670611072257,226.98043823242188,42137700,-1.3401666713867444
708,707,2024-11-08,AAPL,228.4088689967903,226.16134014604208,226.92049995960826,226.7107391357422,38328800,-1.8150877908770569
709,708,2024-11-11,AAPL,225.45212091614073,221.25673663335022,224.7528927426808,223.98373413085938,42005600,-3.823178243737224
710,709,2024-11-12,AAPL,225.34224111445195,223.11469448970428,224.30339000560164,223.98373413085938,40398300,-3.9343090949202297
711,710,2024-11-13,AAPL,226.4010754152989,222.5153482196322,223.76397540644066,224.8727569580078,48566200,-2.056634679844116
712,711,2024-11-14,AAPL,228.61864039722624,224.7528954725484,224.77287777547028,227.9693603515625,44923900,1.1336770974887944
713,712,2024-11-15,AAPL,226.67077335813082,224.023689933323,226.15134020310103,224.7528839111328,47923700,1.0486502016801236
714,713,2024-11-18,AAPL,229.4876892234719,224.92270099550518,225.00261496304853,227.7695770263672,44686000,2.8200895527837
715,714,2024-11-19,AAPL,229.90722171238716,226.41106572007726,226.73070634208972,228.02928161621094,36211800,2.2739541714744016
716,715,2024-11-20,AAPL,229.67746064503265,225.64190448211673,227.80951934283004,228.7484893798828,35169600,2.932802549607505
717,716,2024-11-21,AAPL,229.90722593821596,225.46211628612434,228.6286329426038,228.26902770996094,42108300,0.5677094852639231
718,717,2024-11-22,AAPL,230.46661102927646,227.80952873867182,227.80952873867182,229.61753845214844,38168300,1.2821621628897883
719,718,2024-11-25,AAPL,232.99383009111634,229.48769048234254,231.2058026888721,232.61424255371094,90152800,3.8531853468472432
720,719,2024-11-26,AAPL,235.31128373473052,233.07373841155265,233.07373841155265,234.8018341064453,45986200,4.829859640283352
721,720,2024-11-27,AAPL,235.43115689965902,233.55321672420507,234.21249554010248,234.67198181152344,33498400,4.357675418790508
722,721,2024-11-29,AAPL,237.5488197625333,233.71304074851764,234.55211454995276,237.06935119628906,28481400,3.991760485134077
723,722,2024-12-02,AAPL,240.52553753151284,236.89953466637493,237.00941446483552,239.3268585205078,48137100,6.484443872647949
724,723,2024-12-03,AAPL,242.49337894569658,238.6376176509325,239.54662188503684,242.3834991455078,38861000,6.41609924816644
725,724,2024-12-04,AAPL,243.84190102311462,240.9850414761411,242.60325739533934,242.74310302734375,44383900,6.452601747830444
726,725,2024-12-05,AAPL,244.2714238935446,241.86408229295347,243.72204013219255,242.7730712890625,40033900,6.131005256996058
727,726,2024-12-06,AAPL,244.3613305629988,241.8141281502541,242.6432183998472,242.5732879638672,36870600,6.2664043376402745
728,727,2024-12-09,AAPL,246.96847124510987,241.48449521514058,241.56440918324205,246.47900390625,44649200,7.343282907640547
729,728,2024-12-10,AAPL,247.93739821602466,245.0705399660552,246.61884065291167,247.4978790283203,36914800,6.398420110141245
730,729,2024-12-11,AAPL,250.52454792031958,245.98952569372008,247.68767076725757,246.2192840576172,45205800,4.862589764096925
731,730,2024-12-12,AAPL,248.46682524629017,245.41017310687806,246.61885092340057,247.68768310546875,32777500,5.546337996326667
732,731,2024-12-13,AAPL,249.01619729452798,245.96955931284188,247.54782582286595,247.85748291015625,33155300,4.5506227015126965
733,732,2024-12-16,AAPL,251.10392039685559,247.3780059899919,247.71764416028498,250.7642822265625,51694800,4.778997132523943
734,733,2024-12-17,AAPL,253.5512208135588,249.50566587259755,249.80533943156328,253.20159912109375,51356400,4.46321635495972
735,734,2024-12-18,AAPL,254.0007260278641,247.46791553993853,251.88305927654196,247.77757263183594,56774100,2.0739907917898925
736,735,2024-12-19,AAPL,251.72323503929724,246.81862390484895,247.22817727073837,249.51565551757812,60882300,2.7773196560533897
737,736,2024-12-20,AAPL,254.71994465608725,245.42017186050566,247.76758181309805,254.21051025390625,147495300,4.797404688587359
738,737,2024-12-23,AAPL,255.36922684225433,253.17164603591402,254.49020366493687,254.98965454101562,40858800,3.4528907127532538
739,738,2024-12-24,AAPL,257.92641115938613,255.0096198916901,255.2094124344067,257.91644287109375,23234700,4.209556818699567
740,739,2024-12-26,AAPL,259.81433504408284,257.34704665632455,257.90642916266114,258.7355041503906,27237100,5.083363043913547
741,740,2024-12-27,AAPL,258.41589596104086,252.78207543596488,257.54682582842287,255.30929565429688,42355300,3.077105996256879
742,741,2024-12-30,AAPL,253.22159473829512,250.47461491371794,251.95298524244893,251.9230194091797,35557500,1.6402718414182835
743,742,2024-12-31,AAPL,253.00183336212825,249.15605553782555,252.16275955239965,250.1449737548828,39480700,-0.2469683745152107
